"0,07","0,5099","0,0115","0,0072",8,0,0,0,megarwnL64/main_megaronL,aulos_megaronL1
"0,07","0,5099","0,0115","0,0072",8,"0,2979","0,009",1,megarwnL64/main_megaronL,aulos_megaronL2
"0,07","0,5099","0,0115","0,0072",8,"0,2614","0,009",2,megarwnL64/main_megaronL,aulos_megaronL3
"0,07","0,5099","0,0115","0,0072",8,"0,2237","0,009",3,megarwnL64/main_megaronL,aulos_megaronL4
"0,07","0,5099","0,0115","0,0072",8,"0,1937","0,009",4,megarwnL64/main_megaronL,aulos_megaronL5
"0,07","0,5099","0,0115","0,0072",8,"0,1639","0,009",5,megarwnL64/main_megaronL,aulos_megaronL6
"0,07","0,5099","0,0115","0,0072",8,"0,093","0,008",6,megarwnL64/main_megaronL,aulos_megaronL7
"0,07","0,5099","0,0115","0,0072",8,"0,048","0,008",7,megarwnL64/main_megaronL,aulos_megaronL8
"0,07","0,5099","0,0115","0,0072",8,"0,028","0,008",8,megarwnL64/main_megaronL,aulos_megaronL9
"0,07","0,5099","0,0115","0,0072",8,1,0,0,,
"0,07","0,5099","0,0115","0,0072",8,1,"0,009",1,,
"0,07","0,5099","0,0115","0,0072",8,1,"0,009",2,,
"0,07","0,5099","0,0115","0,0072",8,1,"0,009",3,,
"0,07","0,5099","0,0115","0,0072",8,1,"0,009",4,,
"0,07","0,5099","0,0115","0,0072",8,1,"0,009",5,,
"0,07","0,5099","0,0115","0,0072",8,1,"0,008",6,,
"0,07","0,5099","0,0115","0,0072",8,1,"0,008",7,,
"0,07","0,5099","0,0115","0,0072",8,1,"0,008",8,,
"0,07","0,5099","0,0115","0,0072",8,2,0,0,,
"0,07","0,5099","0,0115","0,0072",8,2,"0,009",1,,
"0,07","0,5099","0,0115","0,0072",8,2,"0,009",2,,
"0,07","0,5099","0,0115","0,0072",8,2,"0,009",3,,
"0,07","0,5099","0,0115","0,0072",8,2,"0,009",4,,
"0,07","0,5099","0,0115","0,0072",8,2,"0,009",5,,
"0,07","0,5099","0,0115","0,0072",8,2,"0,008",6,,
"0,07","0,5099","0,0115","0,0072",8,2,"0,008",7,,
"0,07","0,5099","0,0115","0,0072",8,2,"0,008",8,,
"0,07","0,5099","0,0115","0,0072",8,3,0,0,,
"0,07","0,5099","0,0115","0,0072",8,3,"0,009",1,,
"0,07","0,5099","0,0115","0,0072",8,3,"0,009",2,,
"0,07","0,5099","0,0115","0,0072",8,3,"0,009",3,,
"0,07","0,5099","0,0115","0,0072",8,3,"0,009",4,,
"0,07","0,5099","0,0115","0,0072",8,3,"0,009",5,,
"0,07","0,5099","0,0115","0,0072",8,3,"0,008",6,,
"0,07","0,5099","0,0115","0,0072",8,3,"0,008",7,,
"0,07","0,5099","0,0115","0,0072",8,3,"0,008",8,,
"0,07","0,4999","0,0115","0,0072",8,0,0,0,megarwnL64/megaronL_L_Minus,aulos_megaronLMinusL1
"0,07","0,4999","0,0115","0,0072",8,"0,2979","0,009",1,megarwnL64/megaronL_L_Minus,aulos_megaronLMinusL2
"0,07","0,4999","0,0115","0,0072",8,"0,2614","0,009",2,megarwnL64/megaronL_L_Minus,aulos_megaronLMinusL3
"0,07","0,4999","0,0115","0,0072",8,"0,2237","0,009",3,megarwnL64/megaronL_L_Minus,aulos_megaronLMinusL4
"0,07","0,4999","0,0115","0,0072",8,"0,1937","0,009",4,megarwnL64/megaronL_L_Minus,aulos_megaronLMinusL5
"0,07","0,4999","0,0115","0,0072",8,"0,1639","0,009",5,megarwnL64/megaronL_L_Minus,aulos_megaronLMinusL6
"0,07","0,4999","0,0115","0,0072",8,"0,093","0,008",6,megarwnL64/megaronL_L_Minus,aulos_megaronLMinusL7
"0,07","0,4999","0,0115","0,0072",8,"0,048","0,008",7,megarwnL64/megaronL_L_Minus,aulos_megaronLMinusL8
"0,07","0,4999","0,0115","0,0072",8,"0,028","0,008",8,megarwnL64/megaronL_L_Minus,aulos_megaronLMinusL9
"0,07","0,4999","0,0115","0,0072",8,1,0,0,,
"0,07","0,4999","0,0115","0,0072",8,1,"0,009",1,,
"0,07","0,4999","0,0115","0,0072",8,1,"0,009",2,,
"0,07","0,4999","0,0115","0,0072",8,1,"0,009",3,,
"0,07","0,4999","0,0115","0,0072",8,1,"0,009",4,,
"0,07","0,4999","0,0115","0,0072",8,1,"0,009",5,,
"0,07","0,4999","0,0115","0,0072",8,1,"0,008",6,,
"0,07","0,4999","0,0115","0,0072",8,1,"0,008",7,,
"0,07","0,4999","0,0115","0,0072",8,1,"0,008",8,,
"0,07","0,4999","0,0115","0,0072",8,2,0,0,,
"0,07","0,4999","0,0115","0,0072",8,2,"0,009",1,,
"0,07","0,4999","0,0115","0,0072",8,2,"0,009",2,,
"0,07","0,4999","0,0115","0,0072",8,2,"0,009",3,,
"0,07","0,4999","0,0115","0,0072",8,2,"0,009",4,,
"0,07","0,4999","0,0115","0,0072",8,2,"0,009",5,,
"0,07","0,4999","0,0115","0,0072",8,2,"0,008",6,,
"0,07","0,4999","0,0115","0,0072",8,2,"0,008",7,,
"0,07","0,4999","0,0115","0,0072",8,2,"0,008",8,,
"0,07","0,4999","0,0115","0,0072",8,3,0,0,,
"0,07","0,4999","0,0115","0,0072",8,3,"0,009",1,,
"0,07","0,4999","0,0115","0,0072",8,3,"0,009",2,,
"0,07","0,4999","0,0115","0,0072",8,3,"0,009",3,,
"0,07","0,4999","0,0115","0,0072",8,3,"0,009",4,,
"0,07","0,4999","0,0115","0,0072",8,3,"0,009",5,,
"0,07","0,4999","0,0115","0,0072",8,3,"0,008",6,,
"0,07","0,4999","0,0115","0,0072",8,3,"0,008",7,,
"0,07","0,4999","0,0115","0,0072",8,3,"0,008",8,,
"0,07","0,5199","0,0115","0,0072",8,0,0,0,megarwnL64/megaronL_L_Plus,aulos_megaronLPlusL1
"0,07","0,5199","0,0115","0,0072",8,"0,2979","0,009",1,megarwnL64/megaronL_L_Plus,aulos_megaronLPlusL2
"0,07","0,5199","0,0115","0,0072",8,"0,2614","0,009",2,megarwnL64/megaronL_L_Plus,aulos_megaronLPlusL3
"0,07","0,5199","0,0115","0,0072",8,"0,2237","0,009",3,megarwnL64/megaronL_L_Plus,aulos_megaronLPlusL4
"0,07","0,5199","0,0115","0,0072",8,"0,1937","0,009",4,megarwnL64/megaronL_L_Plus,aulos_megaronLPlusL5
"0,07","0,5199","0,0115","0,0072",8,"0,1639","0,009",5,megarwnL64/megaronL_L_Plus,aulos_megaronLPlusL6
"0,07","0,5199","0,0115","0,0072",8,"0,093","0,008",6,megarwnL64/megaronL_L_Plus,aulos_megaronLPlusL7
"0,07","0,5199","0,0115","0,0072",8,"0,048","0,008",7,megarwnL64/megaronL_L_Plus,aulos_megaronLPlusL8
"0,07","0,5199","0,0115","0,0072",8,"0,028","0,008",8,megarwnL64/megaronL_L_Plus,aulos_megaronLPlusL9
"0,07","0,5199","0,0115","0,0072",8,1,0,0,,
"0,07","0,5199","0,0115","0,0072",8,1,"0,009",1,,
"0,07","0,5199","0,0115","0,0072",8,1,"0,009",2,,
"0,07","0,5199","0,0115","0,0072",8,1,"0,009",3,,
"0,07","0,5199","0,0115","0,0072",8,1,"0,009",4,,
"0,07","0,5199","0,0115","0,0072",8,1,"0,009",5,,
"0,07","0,5199","0,0115","0,0072",8,1,"0,008",6,,
"0,07","0,5199","0,0115","0,0072",8,1,"0,008",7,,
"0,07","0,5199","0,0115","0,0072",8,1,"0,008",8,,
"0,07","0,5199","0,0115","0,0072",8,2,0,0,,
"0,07","0,5199","0,0115","0,0072",8,2,"0,009",1,,
"0,07","0,5199","0,0115","0,0072",8,2,"0,009",2,,
"0,07","0,5199","0,0115","0,0072",8,2,"0,009",3,,
"0,07","0,5199","0,0115","0,0072",8,2,"0,009",4,,
"0,07","0,5199","0,0115","0,0072",8,2,"0,009",5,,
"0,07","0,5199","0,0115","0,0072",8,2,"0,008",6,,
"0,07","0,5199","0,0115","0,0072",8,2,"0,008",7,,
"0,07","0,5199","0,0115","0,0072",8,2,"0,008",8,,
"0,07","0,5199","0,0115","0,0072",8,3,0,0,,
"0,07","0,5199","0,0115","0,0072",8,3,"0,009",1,,
"0,07","0,5199","0,0115","0,0072",8,3,"0,009",2,,
"0,07","0,5199","0,0115","0,0072",8,3,"0,009",3,,
"0,07","0,5199","0,0115","0,0072",8,3,"0,009",4,,
"0,07","0,5199","0,0115","0,0072",8,3,"0,009",5,,
"0,07","0,5199","0,0115","0,0072",8,3,"0,008",6,,
"0,07","0,5199","0,0115","0,0072",8,3,"0,008",7,,
"0,07","0,5199","0,0115","0,0072",8,3,"0,008",8,,
"0,07","0,5159","0,0115","0,0072",8,0,0,0,megarwnL64/megaronL_L_Plusn,aulos_megaronLPlusnL1
"0,07","0,5159","0,0115","0,0072",8,"0,2979","0,009",1,megarwnL64/megaronL_L_Plusn,aulos_megaronLPlusnL2
"0,07","0,5159","0,0115","0,0072",8,"0,2614","0,009",2,megarwnL64/megaronL_L_Plusn,aulos_megaronLPlusnL3
"0,07","0,5159","0,0115","0,0072",8,"0,2237","0,009",3,megarwnL64/megaronL_L_Plusn,aulos_megaronLPlusnL4
"0,07","0,5159","0,0115","0,0072",8,"0,1937","0,009",4,megarwnL64/megaronL_L_Plusn,aulos_megaronLPlusnL5
"0,07","0,5159","0,0115","0,0072",8,"0,1639","0,009",5,megarwnL64/megaronL_L_Plusn,aulos_megaronLPlusnL6
"0,07","0,5159","0,0115","0,0072",8,"0,093","0,008",6,megarwnL64/megaronL_L_Plusn,aulos_megaronLPlusnL7
"0,07","0,5159","0,0115","0,0072",8,"0,048","0,008",7,megarwnL64/megaronL_L_Plusn,aulos_megaronLPlusnL8
"0,07","0,5159","0,0115","0,0072",8,"0,028","0,008",8,megarwnL64/megaronL_L_Plusn,aulos_megaronLPlusnL9
"0,07","0,5159","0,0115","0,0072",8,1,0,0,,
"0,07","0,5159","0,0115","0,0072",8,1,"0,009",1,,
"0,07","0,5159","0,0115","0,0072",8,1,"0,009",2,,
"0,07","0,5159","0,0115","0,0072",8,1,"0,009",3,,
"0,07","0,5159","0,0115","0,0072",8,1,"0,009",4,,
"0,07","0,5159","0,0115","0,0072",8,1,"0,009",5,,
"0,07","0,5159","0,0115","0,0072",8,1,"0,008",6,,
"0,07","0,5159","0,0115","0,0072",8,1,"0,008",7,,
"0,07","0,5159","0,0115","0,0072",8,1,"0,008",8,,
"0,07","0,5159","0,0115","0,0072",8,2,0,0,,
"0,07","0,5159","0,0115","0,0072",8,2,"0,009",1,,
"0,07","0,5159","0,0115","0,0072",8,2,"0,009",2,,
"0,07","0,5159","0,0115","0,0072",8,2,"0,009",3,,
"0,07","0,5159","0,0115","0,0072",8,2,"0,009",4,,
"0,07","0,5159","0,0115","0,0072",8,2,"0,009",5,,
"0,07","0,5159","0,0115","0,0072",8,2,"0,008",6,,
"0,07","0,5159","0,0115","0,0072",8,2,"0,008",7,,
"0,07","0,5159","0,0115","0,0072",8,2,"0,008",8,,
"0,07","0,5159","0,0115","0,0072",8,3,0,0,,
"0,07","0,5159","0,0115","0,0072",8,3,"0,009",1,,
"0,07","0,5159","0,0115","0,0072",8,3,"0,009",2,,
"0,07","0,5159","0,0115","0,0072",8,3,"0,009",3,,
"0,07","0,5159","0,0115","0,0072",8,3,"0,009",4,,
"0,07","0,5159","0,0115","0,0072",8,3,"0,009",5,,
"0,07","0,5159","0,0115","0,0072",8,3,"0,008",6,,
"0,07","0,5159","0,0115","0,0072",8,3,"0,008",7,,
"0,07","0,5159","0,0115","0,0072",8,3,"0,008",8,,
"0,05","0,5099","0,0115","0,0072",8,0,0,0,megarwnL64/megaronL_R_Minus,aulos_megaronLMinusR1
"0,05","0,5099","0,0115","0,0072",8,"0,2979","0,009",1,megarwnL64/megaronL_R_Minus,aulos_megaronLMinusR2
"0,05","0,5099","0,0115","0,0072",8,"0,2614","0,009",2,megarwnL64/megaronL_R_Minus,aulos_megaronLMinusR3
"0,05","0,5099","0,0115","0,0072",8,"0,2237","0,009",3,megarwnL64/megaronL_R_Minus,aulos_megaronLMinusR4
"0,05","0,5099","0,0115","0,0072",8,"0,1937","0,009",4,megarwnL64/megaronL_R_Minus,aulos_megaronLMinusR5
"0,05","0,5099","0,0115","0,0072",8,"0,1639","0,009",5,megarwnL64/megaronL_R_Minus,aulos_megaronLMinusR6
"0,05","0,5099","0,0115","0,0072",8,"0,093","0,008",6,megarwnL64/megaronL_R_Minus,aulos_megaronLMinusR7
"0,05","0,5099","0,0115","0,0072",8,"0,048","0,008",7,megarwnL64/megaronL_R_Minus,aulos_megaronLMinusR8
"0,05","0,5099","0,0115","0,0072",8,"0,028","0,008",8,megarwnL64/megaronL_R_Minus,aulos_megaronLMinusR9
"0,05","0,5099","0,0115","0,0072",8,1,0,0,,
"0,05","0,5099","0,0115","0,0072",8,1,"0,009",1,,
"0,05","0,5099","0,0115","0,0072",8,1,"0,009",2,,
"0,05","0,5099","0,0115","0,0072",8,1,"0,009",3,,
"0,05","0,5099","0,0115","0,0072",8,1,"0,009",4,,
"0,05","0,5099","0,0115","0,0072",8,1,"0,009",5,,
"0,05","0,5099","0,0115","0,0072",8,1,"0,008",6,,
"0,05","0,5099","0,0115","0,0072",8,1,"0,008",7,,
"0,05","0,5099","0,0115","0,0072",8,1,"0,008",8,,
"0,05","0,5099","0,0115","0,0072",8,2,0,0,,
"0,05","0,5099","0,0115","0,0072",8,2,"0,009",1,,
"0,05","0,5099","0,0115","0,0072",8,2,"0,009",2,,
"0,05","0,5099","0,0115","0,0072",8,2,"0,009",3,,
"0,05","0,5099","0,0115","0,0072",8,2,"0,009",4,,
"0,05","0,5099","0,0115","0,0072",8,2,"0,009",5,,
"0,05","0,5099","0,0115","0,0072",8,2,"0,008",6,,
"0,05","0,5099","0,0115","0,0072",8,2,"0,008",7,,
"0,05","0,5099","0,0115","0,0072",8,2,"0,008",8,,
"0,05","0,5099","0,0115","0,0072",8,3,0,0,,
"0,05","0,5099","0,0115","0,0072",8,3,"0,009",1,,
"0,05","0,5099","0,0115","0,0072",8,3,"0,009",2,,
"0,05","0,5099","0,0115","0,0072",8,3,"0,009",3,,
"0,05","0,5099","0,0115","0,0072",8,3,"0,009",4,,
"0,05","0,5099","0,0115","0,0072",8,3,"0,009",5,,
"0,05","0,5099","0,0115","0,0072",8,3,"0,008",6,,
"0,05","0,5099","0,0115","0,0072",8,3,"0,008",7,,
"0,05","0,5099","0,0115","0,0072",8,3,"0,008",8,,
"0,09","0,5099","0,0115","0,0072",8,0,0,0,megarwnL64/megaronL_R_Plus,aulos_megaronLPlusR1
"0,09","0,5099","0,0115","0,0072",8,"0,2979","0,009",1,megarwnL64/megaronL_R_Plus,aulos_megaronLPlusR2
"0,09","0,5099","0,0115","0,0072",8,"0,2614","0,009",2,megarwnL64/megaronL_R_Plus,aulos_megaronLPlusR3
"0,09","0,5099","0,0115","0,0072",8,"0,2237","0,009",3,megarwnL64/megaronL_R_Plus,aulos_megaronLPlusR4
"0,09","0,5099","0,0115","0,0072",8,"0,1937","0,009",4,megarwnL64/megaronL_R_Plus,aulos_megaronLPlusR5
"0,09","0,5099","0,0115","0,0072",8,"0,1639","0,009",5,megarwnL64/megaronL_R_Plus,aulos_megaronLPlusR6
"0,09","0,5099","0,0115","0,0072",8,"0,093","0,008",6,megarwnL64/megaronL_R_Plus,aulos_megaronLPlusR7
"0,09","0,5099","0,0115","0,0072",8,"0,048","0,008",7,megarwnL64/megaronL_R_Plus,aulos_megaronLPlusR8
"0,09","0,5099","0,0115","0,0072",8,"0,028","0,008",8,megarwnL64/megaronL_R_Plus,aulos_megaronLPlusR9
"0,09","0,5099","0,0115","0,0072",8,1,0,0,,
"0,09","0,5099","0,0115","0,0072",8,1,"0,009",1,,
"0,09","0,5099","0,0115","0,0072",8,1,"0,009",2,,
"0,09","0,5099","0,0115","0,0072",8,1,"0,009",3,,
"0,09","0,5099","0,0115","0,0072",8,1,"0,009",4,,
"0,09","0,5099","0,0115","0,0072",8,1,"0,009",5,,
"0,09","0,5099","0,0115","0,0072",8,1,"0,008",6,,
"0,09","0,5099","0,0115","0,0072",8,1,"0,008",7,,
"0,09","0,5099","0,0115","0,0072",8,1,"0,008",8,,
"0,09","0,5099","0,0115","0,0072",8,2,0,0,,
"0,09","0,5099","0,0115","0,0072",8,2,"0,009",1,,
"0,09","0,5099","0,0115","0,0072",8,2,"0,009",2,,
"0,09","0,5099","0,0115","0,0072",8,2,"0,009",3,,
"0,09","0,5099","0,0115","0,0072",8,2,"0,009",4,,
"0,09","0,5099","0,0115","0,0072",8,2,"0,009",5,,
"0,09","0,5099","0,0115","0,0072",8,2,"0,008",6,,
"0,09","0,5099","0,0115","0,0072",8,2,"0,008",7,,
"0,09","0,5099","0,0115","0,0072",8,2,"0,008",8,,
"0,09","0,5099","0,0115","0,0072",8,3,0,0,,
"0,09","0,5099","0,0115","0,0072",8,3,"0,009",1,,
"0,09","0,5099","0,0115","0,0072",8,3,"0,009",2,,
"0,09","0,5099","0,0115","0,0072",8,3,"0,009",3,,
"0,09","0,5099","0,0115","0,0072",8,3,"0,009",4,,
"0,09","0,5099","0,0115","0,0072",8,3,"0,009",5,,
"0,09","0,5099","0,0115","0,0072",8,3,"0,008",6,,
"0,09","0,5099","0,0115","0,0072",8,3,"0,008",7,,
"0,09","0,5099","0,0115","0,0072",8,3,"0,008",8,,
"0,071","0,5099","0,0115","0,0072",8,0,0,0,megarwnL64/megaronL_R_Plusn,aulos_megaronLPlusnR1
"0,071","0,5099","0,0115","0,0072",8,"0,2979","0,009",1,megarwnL64/megaronL_R_Plusn,aulos_megaronLPlusnR2
"0,071","0,5099","0,0115","0,0072",8,"0,2614","0,009",2,megarwnL64/megaronL_R_Plusn,aulos_megaronLPlusnR3
"0,071","0,5099","0,0115","0,0072",8,"0,2237","0,009",3,megarwnL64/megaronL_R_Plusn,aulos_megaronLPlusnR4
"0,071","0,5099","0,0115","0,0072",8,"0,1937","0,009",4,megarwnL64/megaronL_R_Plusn,aulos_megaronLPlusnR5
"0,071","0,5099","0,0115","0,0072",8,"0,1639","0,009",5,megarwnL64/megaronL_R_Plusn,aulos_megaronLPlusnR6
"0,071","0,5099","0,0115","0,0072",8,"0,093","0,008",6,megarwnL64/megaronL_R_Plusn,aulos_megaronLPlusnR7
"0,071","0,5099","0,0115","0,0072",8,"0,048","0,008",7,megarwnL64/megaronL_R_Plusn,aulos_megaronLPlusnR8
"0,071","0,5099","0,0115","0,0072",8,"0,028","0,008",8,megarwnL64/megaronL_R_Plusn,aulos_megaronLPlusnR9
"0,071","0,5099","0,0115","0,0072",8,1,0,0,,
"0,071","0,5099","0,0115","0,0072",8,1,"0,009",1,,
"0,071","0,5099","0,0115","0,0072",8,1,"0,009",2,,
"0,071","0,5099","0,0115","0,0072",8,1,"0,009",3,,
"0,071","0,5099","0,0115","0,0072",8,1,"0,009",4,,
"0,071","0,5099","0,0115","0,0072",8,1,"0,009",5,,
"0,071","0,5099","0,0115","0,0072",8,1,"0,008",6,,
"0,071","0,5099","0,0115","0,0072",8,1,"0,008",7,,
"0,071","0,5099","0,0115","0,0072",8,1,"0,008",8,,
"0,071","0,5099","0,0115","0,0072",8,2,0,0,,
"0,071","0,5099","0,0115","0,0072",8,2,"0,009",1,,
"0,071","0,5099","0,0115","0,0072",8,2,"0,009",2,,
"0,071","0,5099","0,0115","0,0072",8,2,"0,009",3,,
"0,071","0,5099","0,0115","0,0072",8,2,"0,009",4,,
"0,071","0,5099","0,0115","0,0072",8,2,"0,009",5,,
"0,071","0,5099","0,0115","0,0072",8,2,"0,008",6,,
"0,071","0,5099","0,0115","0,0072",8,2,"0,008",7,,
"0,071","0,5099","0,0115","0,0072",8,2,"0,008",8,,
"0,071","0,5099","0,0115","0,0072",8,3,0,0,,
"0,071","0,5099","0,0115","0,0072",8,3,"0,009",1,,
"0,071","0,5099","0,0115","0,0072",8,3,"0,009",2,,
"0,071","0,5099","0,0115","0,0072",8,3,"0,009",3,,
"0,071","0,5099","0,0115","0,0072",8,3,"0,009",4,,
"0,071","0,5099","0,0115","0,0072",8,3,"0,009",5,,
"0,071","0,5099","0,0115","0,0072",8,3,"0,008",6,,
"0,071","0,5099","0,0115","0,0072",8,3,"0,008",7,,
"0,071","0,5099","0,0115","0,0072",8,3,"0,008",8,,
"0,07","0,5099","0,0115","0,0072",8,0,0,0,,
"0,07","0,5099","0,0115","0,0072",8,0,"0,009",1,,
"0,07","0,5099","0,0115","0,0072",8,0,"0,009",2,,
"0,07","0,5099","0,0115","0,0072",8,0,"0,009",3,,
"0,07","0,5099","0,0115","0,0072",8,0,"0,009",4,,
"0,07","0,5099","0,0115","0,0072",8,0,"0,009",5,,
"0,07","0,5099","0,0115","0,0072",8,0,"0,008",6,,
"0,07","0,5099","0,0115","0,0072",8,0,"0,008",7,,
"0,07","0,5099","0,0115","0,0072",8,0,"0,008",8,,
"0,07","0,5099","0,0115","0,0072",8,1,0,0,megarwnL64/megaronL_TH_Minus,aulos_megaronLMinusTH1
"0,07","0,5099","0,0115","0,0072",8,"0,2879","0,009",1,megarwnL64/megaronL_TH_Minus,aulos_megaronLMinusTH2
"0,07","0,5099","0,0115","0,0072",8,"0,2514","0,009",2,megarwnL64/megaronL_TH_Minus,aulos_megaronLMinusTH3
"0,07","0,5099","0,0115","0,0072",8,"0,2137","0,009",3,megarwnL64/megaronL_TH_Minus,aulos_megaronLMinusTH4
"0,07","0,5099","0,0115","0,0072",8,"0,1837","0,009",4,megarwnL64/megaronL_TH_Minus,aulos_megaronLMinusTH5
"0,07","0,5099","0,0115","0,0072",8,"0,1539","0,009",5,megarwnL64/megaronL_TH_Minus,aulos_megaronLMinusTH6
"0,07","0,5099","0,0115","0,0072",8,"0,083","0,008",6,megarwnL64/megaronL_TH_Minus,aulos_megaronLMinusTH7
"0,07","0,5099","0,0115","0,0072",8,"0,038","0,008",7,megarwnL64/megaronL_TH_Minus,aulos_megaronLMinusTH8
"0,07","0,5099","0,0115","0,0072",8,"0,018","0,008",8,megarwnL64/megaronL_TH_Minus,aulos_megaronLMinusTH9
"0,07","0,5099","0,0115","0,0072",8,2,0,0,megarwnL64/megaronL_TH_Plus,aulos_megaronLPlusTH1
"0,07","0,5099","0,0115","0,0072",8,"0,3079","0,009",1,megarwnL64/megaronL_TH_Plus,aulos_megaronLPlusTH2
"0,07","0,5099","0,0115","0,0072",8,"0,2714","0,009",2,megarwnL64/megaronL_TH_Plus,aulos_megaronLPlusTH3
"0,07","0,5099","0,0115","0,0072",8,"0,2337","0,009",3,megarwnL64/megaronL_TH_Plus,aulos_megaronLPlusTH4
"0,07","0,5099","0,0115","0,0072",8,"0,2037","0,009",4,megarwnL64/megaronL_TH_Plus,aulos_megaronLPlusTH5
"0,07","0,5099","0,0115","0,0072",8,"0,1739","0,009",5,megarwnL64/megaronL_TH_Plus,aulos_megaronLPlusTH6
"0,07","0,5099","0,0115","0,0072",8,"0,103","0,008",6,megarwnL64/megaronL_TH_Plus,aulos_megaronLPlusTH7
"0,07","0,5099","0,0115","0,0072",8,"0,058","0,008",7,megarwnL64/megaronL_TH_Plus,aulos_megaronLPlusTH8
"0,07","0,5099","0,0115","0,0072",8,"0,038","0,008",8,megarwnL64/megaronL_TH_Plus,aulos_megaronLPlusTH9
"0,07","0,5099","0,0115","0,0072",8,3,0,0,megarwnL64/megaronL_TH_Plusn,aulos_megaronLPlusnTH1
"0,07","0,5099","0,0115","0,0072",8,"0,3029","0,009",1,megarwnL64/megaronL_TH_Plusn,aulos_megaronLPlusnTH2
"0,07","0,5099","0,0115","0,0072",8,"0,2664","0,009",2,megarwnL64/megaronL_TH_Plusn,aulos_megaronLPlusnTH3
"0,07","0,5099","0,0115","0,0072",8,"0,2287","0,009",3,megarwnL64/megaronL_TH_Plusn,aulos_megaronLPlusnTH4
"0,07","0,5099","0,0115","0,0072",8,"0,1987","0,009",4,megarwnL64/megaronL_TH_Plusn,aulos_megaronLPlusnTH5
"0,07","0,5099","0,0115","0,0072",8,"0,1689","0,009",5,megarwnL64/megaronL_TH_Plusn,aulos_megaronLPlusnTH6
"0,07","0,5099","0,0115","0,0072",8,"0,098","0,008",6,megarwnL64/megaronL_TH_Plusn,aulos_megaronLPlusnTH7
"0,07","0,5099","0,0115","0,0072",8,"0,053","0,008",7,megarwnL64/megaronL_TH_Plusn,aulos_megaronLPlusnTH8
"0,07","0,5099","0,0115","0,0072",8,"0,033","0,008",8,megarwnL64/megaronL_TH_Plusn,aulos_megaronLPlusnTH9
"0,05","0,5199","0,0115","0,0072",8,0,0,0,,
"0,05","0,5199","0,0115","0,0072",8,0,"0,009",1,,
"0,05","0,5199","0,0115","0,0072",8,0,"0,009",2,,
"0,05","0,5199","0,0115","0,0072",8,0,"0,009",3,,
"0,05","0,5199","0,0115","0,0072",8,0,"0,009",4,,
"0,05","0,5199","0,0115","0,0072",8,0,"0,009",5,,
"0,05","0,5199","0,0115","0,0072",8,0,"0,008",6,,
"0,05","0,5199","0,0115","0,0072",8,0,"0,008",7,,
"0,05","0,5199","0,0115","0,0072",8,0,"0,008",8,,
"0,05","0,5199","0,0115","0,0072",8,1,0,0,,
"0,05","0,5199","0,0115","0,0072",8,1,"0,009",1,,
"0,05","0,5199","0,0115","0,0072",8,1,"0,009",2,,
"0,05","0,5199","0,0115","0,0072",8,1,"0,009",3,,
"0,05","0,5199","0,0115","0,0072",8,1,"0,009",4,,
"0,05","0,5199","0,0115","0,0072",8,1,"0,009",5,,
"0,05","0,5199","0,0115","0,0072",8,1,"0,008",6,,
"0,05","0,5199","0,0115","0,0072",8,1,"0,008",7,,
"0,05","0,5199","0,0115","0,0072",8,1,"0,008",8,,
"0,05","0,5199","0,0115","0,0072",8,2,0,0,,
"0,05","0,5199","0,0115","0,0072",8,2,"0,009",1,,
"0,05","0,5199","0,0115","0,0072",8,2,"0,009",2,,
"0,05","0,5199","0,0115","0,0072",8,2,"0,009",3,,
"0,05","0,5199","0,0115","0,0072",8,2,"0,009",4,,
"0,05","0,5199","0,0115","0,0072",8,2,"0,009",5,,
"0,05","0,5199","0,0115","0,0072",8,2,"0,008",6,,
"0,05","0,5199","0,0115","0,0072",8,2,"0,008",7,,
"0,05","0,5199","0,0115","0,0072",8,2,"0,008",8,,
"0,05","0,5199","0,0115","0,0072",8,3,0,0,,
"0,05","0,5199","0,0115","0,0072",8,3,"0,009",1,,
"0,05","0,5199","0,0115","0,0072",8,3,"0,009",2,,
"0,05","0,5199","0,0115","0,0072",8,3,"0,009",3,,
"0,05","0,5199","0,0115","0,0072",8,3,"0,009",4,,
"0,05","0,5199","0,0115","0,0072",8,3,"0,009",5,,
"0,05","0,5199","0,0115","0,0072",8,3,"0,008",6,,
"0,05","0,5199","0,0115","0,0072",8,3,"0,008",7,,
"0,05","0,5199","0,0115","0,0072",8,3,"0,008",8,,
"0,05","0,5159","0,0115","0,0072",8,0,0,0,,
"0,05","0,5159","0,0115","0,0072",8,0,"0,009",1,,
"0,05","0,5159","0,0115","0,0072",8,0,"0,009",2,,
"0,05","0,5159","0,0115","0,0072",8,0,"0,009",3,,
"0,05","0,5159","0,0115","0,0072",8,0,"0,009",4,,
"0,05","0,5159","0,0115","0,0072",8,0,"0,009",5,,
"0,05","0,5159","0,0115","0,0072",8,0,"0,008",6,,
"0,05","0,5159","0,0115","0,0072",8,0,"0,008",7,,
"0,05","0,5159","0,0115","0,0072",8,0,"0,008",8,,
"0,05","0,5159","0,0115","0,0072",8,1,0,0,,
"0,05","0,5159","0,0115","0,0072",8,1,"0,009",1,,
"0,05","0,5159","0,0115","0,0072",8,1,"0,009",2,,
"0,05","0,5159","0,0115","0,0072",8,1,"0,009",3,,
"0,05","0,5159","0,0115","0,0072",8,1,"0,009",4,,
"0,05","0,5159","0,0115","0,0072",8,1,"0,009",5,,
"0,05","0,5159","0,0115","0,0072",8,1,"0,008",6,,
"0,05","0,5159","0,0115","0,0072",8,1,"0,008",7,,
"0,05","0,5159","0,0115","0,0072",8,1,"0,008",8,,
"0,05","0,5159","0,0115","0,0072",8,2,0,0,,
"0,05","0,5159","0,0115","0,0072",8,2,"0,009",1,,
"0,05","0,5159","0,0115","0,0072",8,2,"0,009",2,,
"0,05","0,5159","0,0115","0,0072",8,2,"0,009",3,,
"0,05","0,5159","0,0115","0,0072",8,2,"0,009",4,,
"0,05","0,5159","0,0115","0,0072",8,2,"0,009",5,,
"0,05","0,5159","0,0115","0,0072",8,2,"0,008",6,,
"0,05","0,5159","0,0115","0,0072",8,2,"0,008",7,,
"0,05","0,5159","0,0115","0,0072",8,2,"0,008",8,,
"0,05","0,5159","0,0115","0,0072",8,3,0,0,,
"0,05","0,5159","0,0115","0,0072",8,3,"0,009",1,,
"0,05","0,5159","0,0115","0,0072",8,3,"0,009",2,,
"0,05","0,5159","0,0115","0,0072",8,3,"0,009",3,,
"0,05","0,5159","0,0115","0,0072",8,3,"0,009",4,,
"0,05","0,5159","0,0115","0,0072",8,3,"0,009",5,,
"0,05","0,5159","0,0115","0,0072",8,3,"0,008",6,,
"0,05","0,5159","0,0115","0,0072",8,3,"0,008",7,,
"0,05","0,5159","0,0115","0,0072",8,3,"0,008",8,,
"0,05","0,4999","0,0115","0,0072",8,0,0,0,,
"0,05","0,4999","0,0115","0,0072",8,0,"0,009",1,,
"0,05","0,4999","0,0115","0,0072",8,0,"0,009",2,,
"0,05","0,4999","0,0115","0,0072",8,0,"0,009",3,,
"0,05","0,4999","0,0115","0,0072",8,0,"0,009",4,,
"0,05","0,4999","0,0115","0,0072",8,0,"0,009",5,,
"0,05","0,4999","0,0115","0,0072",8,0,"0,008",6,,
"0,05","0,4999","0,0115","0,0072",8,0,"0,008",7,,
"0,05","0,4999","0,0115","0,0072",8,0,"0,008",8,,
"0,05","0,4999","0,0115","0,0072",8,1,0,0,,
"0,05","0,4999","0,0115","0,0072",8,1,"0,009",1,,
"0,05","0,4999","0,0115","0,0072",8,1,"0,009",2,,
"0,05","0,4999","0,0115","0,0072",8,1,"0,009",3,,
"0,05","0,4999","0,0115","0,0072",8,1,"0,009",4,,
"0,05","0,4999","0,0115","0,0072",8,1,"0,009",5,,
"0,05","0,4999","0,0115","0,0072",8,1,"0,008",6,,
"0,05","0,4999","0,0115","0,0072",8,1,"0,008",7,,
"0,05","0,4999","0,0115","0,0072",8,1,"0,008",8,,
"0,05","0,4999","0,0115","0,0072",8,2,0,0,,
"0,05","0,4999","0,0115","0,0072",8,2,"0,009",1,,
"0,05","0,4999","0,0115","0,0072",8,2,"0,009",2,,
"0,05","0,4999","0,0115","0,0072",8,2,"0,009",3,,
"0,05","0,4999","0,0115","0,0072",8,2,"0,009",4,,
"0,05","0,4999","0,0115","0,0072",8,2,"0,009",5,,
"0,05","0,4999","0,0115","0,0072",8,2,"0,008",6,,
"0,05","0,4999","0,0115","0,0072",8,2,"0,008",7,,
"0,05","0,4999","0,0115","0,0072",8,2,"0,008",8,,
"0,05","0,4999","0,0115","0,0072",8,3,0,0,,
"0,05","0,4999","0,0115","0,0072",8,3,"0,009",1,,
"0,05","0,4999","0,0115","0,0072",8,3,"0,009",2,,
"0,05","0,4999","0,0115","0,0072",8,3,"0,009",3,,
"0,05","0,4999","0,0115","0,0072",8,3,"0,009",4,,
"0,05","0,4999","0,0115","0,0072",8,3,"0,009",5,,
"0,05","0,4999","0,0115","0,0072",8,3,"0,008",6,,
"0,05","0,4999","0,0115","0,0072",8,3,"0,008",7,,
"0,05","0,4999","0,0115","0,0072",8,3,"0,008",8,,
"0,09","0,5199","0,0115","0,0072",8,0,0,0,,
"0,09","0,5199","0,0115","0,0072",8,0,"0,009",1,,
"0,09","0,5199","0,0115","0,0072",8,0,"0,009",2,,
"0,09","0,5199","0,0115","0,0072",8,0,"0,009",3,,
"0,09","0,5199","0,0115","0,0072",8,0,"0,009",4,,
"0,09","0,5199","0,0115","0,0072",8,0,"0,009",5,,
"0,09","0,5199","0,0115","0,0072",8,0,"0,008",6,,
"0,09","0,5199","0,0115","0,0072",8,0,"0,008",7,,
"0,09","0,5199","0,0115","0,0072",8,0,"0,008",8,,
"0,09","0,5199","0,0115","0,0072",8,1,0,0,,
"0,09","0,5199","0,0115","0,0072",8,1,"0,009",1,,
"0,09","0,5199","0,0115","0,0072",8,1,"0,009",2,,
"0,09","0,5199","0,0115","0,0072",8,1,"0,009",3,,
"0,09","0,5199","0,0115","0,0072",8,1,"0,009",4,,
"0,09","0,5199","0,0115","0,0072",8,1,"0,009",5,,
"0,09","0,5199","0,0115","0,0072",8,1,"0,008",6,,
"0,09","0,5199","0,0115","0,0072",8,1,"0,008",7,,
"0,09","0,5199","0,0115","0,0072",8,1,"0,008",8,,
"0,09","0,5199","0,0115","0,0072",8,2,0,0,,
"0,09","0,5199","0,0115","0,0072",8,2,"0,009",1,,
"0,09","0,5199","0,0115","0,0072",8,2,"0,009",2,,
"0,09","0,5199","0,0115","0,0072",8,2,"0,009",3,,
"0,09","0,5199","0,0115","0,0072",8,2,"0,009",4,,
"0,09","0,5199","0,0115","0,0072",8,2,"0,009",5,,
"0,09","0,5199","0,0115","0,0072",8,2,"0,008",6,,
"0,09","0,5199","0,0115","0,0072",8,2,"0,008",7,,
"0,09","0,5199","0,0115","0,0072",8,2,"0,008",8,,
"0,09","0,5199","0,0115","0,0072",8,3,0,0,,
"0,09","0,5199","0,0115","0,0072",8,3,"0,009",1,,
"0,09","0,5199","0,0115","0,0072",8,3,"0,009",2,,
"0,09","0,5199","0,0115","0,0072",8,3,"0,009",3,,
"0,09","0,5199","0,0115","0,0072",8,3,"0,009",4,,
"0,09","0,5199","0,0115","0,0072",8,3,"0,009",5,,
"0,09","0,5199","0,0115","0,0072",8,3,"0,008",6,,
"0,09","0,5199","0,0115","0,0072",8,3,"0,008",7,,
"0,09","0,5199","0,0115","0,0072",8,3,"0,008",8,,
"0,09","0,4999","0,0115","0,0072",8,0,0,0,,
"0,09","0,4999","0,0115","0,0072",8,0,"0,009",1,,
"0,09","0,4999","0,0115","0,0072",8,0,"0,009",2,,
"0,09","0,4999","0,0115","0,0072",8,0,"0,009",3,,
"0,09","0,4999","0,0115","0,0072",8,0,"0,009",4,,
"0,09","0,4999","0,0115","0,0072",8,0,"0,009",5,,
"0,09","0,4999","0,0115","0,0072",8,0,"0,008",6,,
"0,09","0,4999","0,0115","0,0072",8,0,"0,008",7,,
"0,09","0,4999","0,0115","0,0072",8,0,"0,008",8,,
"0,09","0,4999","0,0115","0,0072",8,1,0,0,,
"0,09","0,4999","0,0115","0,0072",8,1,"0,009",1,,
"0,09","0,4999","0,0115","0,0072",8,1,"0,009",2,,
"0,09","0,4999","0,0115","0,0072",8,1,"0,009",3,,
"0,09","0,4999","0,0115","0,0072",8,1,"0,009",4,,
"0,09","0,4999","0,0115","0,0072",8,1,"0,009",5,,
"0,09","0,4999","0,0115","0,0072",8,1,"0,008",6,,
"0,09","0,4999","0,0115","0,0072",8,1,"0,008",7,,
"0,09","0,4999","0,0115","0,0072",8,1,"0,008",8,,
"0,09","0,4999","0,0115","0,0072",8,2,0,0,,
"0,09","0,4999","0,0115","0,0072",8,2,"0,009",1,,
"0,09","0,4999","0,0115","0,0072",8,2,"0,009",2,,
"0,09","0,4999","0,0115","0,0072",8,2,"0,009",3,,
"0,09","0,4999","0,0115","0,0072",8,2,"0,009",4,,
"0,09","0,4999","0,0115","0,0072",8,2,"0,009",5,,
"0,09","0,4999","0,0115","0,0072",8,2,"0,008",6,,
"0,09","0,4999","0,0115","0,0072",8,2,"0,008",7,,
"0,09","0,4999","0,0115","0,0072",8,2,"0,008",8,,
"0,09","0,4999","0,0115","0,0072",8,3,0,0,,
"0,09","0,4999","0,0115","0,0072",8,3,"0,009",1,,
"0,09","0,4999","0,0115","0,0072",8,3,"0,009",2,,
"0,09","0,4999","0,0115","0,0072",8,3,"0,009",3,,
"0,09","0,4999","0,0115","0,0072",8,3,"0,009",4,,
"0,09","0,4999","0,0115","0,0072",8,3,"0,009",5,,
"0,09","0,4999","0,0115","0,0072",8,3,"0,008",6,,
"0,09","0,4999","0,0115","0,0072",8,3,"0,008",7,,
"0,09","0,4999","0,0115","0,0072",8,3,"0,008",8,,
"0,09","0,5159","0,0115","0,0072",8,0,0,0,,
"0,09","0,5159","0,0115","0,0072",8,0,"0,009",1,,
"0,09","0,5159","0,0115","0,0072",8,0,"0,009",2,,
"0,09","0,5159","0,0115","0,0072",8,0,"0,009",3,,
"0,09","0,5159","0,0115","0,0072",8,0,"0,009",4,,
"0,09","0,5159","0,0115","0,0072",8,0,"0,009",5,,
"0,09","0,5159","0,0115","0,0072",8,0,"0,008",6,,
"0,09","0,5159","0,0115","0,0072",8,0,"0,008",7,,
"0,09","0,5159","0,0115","0,0072",8,0,"0,008",8,,
"0,09","0,5159","0,0115","0,0072",8,1,0,0,,
"0,09","0,5159","0,0115","0,0072",8,1,"0,009",1,,
"0,09","0,5159","0,0115","0,0072",8,1,"0,009",2,,
"0,09","0,5159","0,0115","0,0072",8,1,"0,009",3,,
"0,09","0,5159","0,0115","0,0072",8,1,"0,009",4,,
"0,09","0,5159","0,0115","0,0072",8,1,"0,009",5,,
"0,09","0,5159","0,0115","0,0072",8,1,"0,008",6,,
"0,09","0,5159","0,0115","0,0072",8,1,"0,008",7,,
"0,09","0,5159","0,0115","0,0072",8,1,"0,008",8,,
"0,09","0,5159","0,0115","0,0072",8,2,0,0,,
"0,09","0,5159","0,0115","0,0072",8,2,"0,009",1,,
"0,09","0,5159","0,0115","0,0072",8,2,"0,009",2,,
"0,09","0,5159","0,0115","0,0072",8,2,"0,009",3,,
"0,09","0,5159","0,0115","0,0072",8,2,"0,009",4,,
"0,09","0,5159","0,0115","0,0072",8,2,"0,009",5,,
"0,09","0,5159","0,0115","0,0072",8,2,"0,008",6,,
"0,09","0,5159","0,0115","0,0072",8,2,"0,008",7,,
"0,09","0,5159","0,0115","0,0072",8,2,"0,008",8,,
"0,09","0,5159","0,0115","0,0072",8,3,0,0,,
"0,09","0,5159","0,0115","0,0072",8,3,"0,009",1,,
"0,09","0,5159","0,0115","0,0072",8,3,"0,009",2,,
"0,09","0,5159","0,0115","0,0072",8,3,"0,009",3,,
"0,09","0,5159","0,0115","0,0072",8,3,"0,009",4,,
"0,09","0,5159","0,0115","0,0072",8,3,"0,009",5,,
"0,09","0,5159","0,0115","0,0072",8,3,"0,008",6,,
"0,09","0,5159","0,0115","0,0072",8,3,"0,008",7,,
"0,09","0,5159","0,0115","0,0072",8,3,"0,008",8,,
"0,071","0,5159","0,0115","0,0072",8,0,0,0,,
"0,071","0,5159","0,0115","0,0072",8,0,"0,009",1,,
"0,071","0,5159","0,0115","0,0072",8,0,"0,009",2,,
"0,071","0,5159","0,0115","0,0072",8,0,"0,009",3,,
"0,071","0,5159","0,0115","0,0072",8,0,"0,009",4,,
"0,071","0,5159","0,0115","0,0072",8,0,"0,009",5,,
"0,071","0,5159","0,0115","0,0072",8,0,"0,008",6,,
"0,071","0,5159","0,0115","0,0072",8,0,"0,008",7,,
"0,071","0,5159","0,0115","0,0072",8,0,"0,008",8,,
"0,071","0,5159","0,0115","0,0072",8,1,0,0,,
"0,071","0,5159","0,0115","0,0072",8,1,"0,009",1,,
"0,071","0,5159","0,0115","0,0072",8,1,"0,009",2,,
"0,071","0,5159","0,0115","0,0072",8,1,"0,009",3,,
"0,071","0,5159","0,0115","0,0072",8,1,"0,009",4,,
"0,071","0,5159","0,0115","0,0072",8,1,"0,009",5,,
"0,071","0,5159","0,0115","0,0072",8,1,"0,008",6,,
"0,071","0,5159","0,0115","0,0072",8,1,"0,008",7,,
"0,071","0,5159","0,0115","0,0072",8,1,"0,008",8,,
"0,071","0,5159","0,0115","0,0072",8,2,0,0,,
"0,071","0,5159","0,0115","0,0072",8,2,"0,009",1,,
"0,071","0,5159","0,0115","0,0072",8,2,"0,009",2,,
"0,071","0,5159","0,0115","0,0072",8,2,"0,009",3,,
"0,071","0,5159","0,0115","0,0072",8,2,"0,009",4,,
"0,071","0,5159","0,0115","0,0072",8,2,"0,009",5,,
"0,071","0,5159","0,0115","0,0072",8,2,"0,008",6,,
"0,071","0,5159","0,0115","0,0072",8,2,"0,008",7,,
"0,071","0,5159","0,0115","0,0072",8,2,"0,008",8,,
"0,071","0,5159","0,0115","0,0072",8,3,0,0,,
"0,071","0,5159","0,0115","0,0072",8,3,"0,009",1,,
"0,071","0,5159","0,0115","0,0072",8,3,"0,009",2,,
"0,071","0,5159","0,0115","0,0072",8,3,"0,009",3,,
"0,071","0,5159","0,0115","0,0072",8,3,"0,009",4,,
"0,071","0,5159","0,0115","0,0072",8,3,"0,009",5,,
"0,071","0,5159","0,0115","0,0072",8,3,"0,008",6,,
"0,071","0,5159","0,0115","0,0072",8,3,"0,008",7,,
"0,071","0,5159","0,0115","0,0072",8,3,"0,008",8,,
"0,071","0,4999","0,0115","0,0072",8,0,0,0,,
"0,071","0,4999","0,0115","0,0072",8,0,"0,009",1,,
"0,071","0,4999","0,0115","0,0072",8,0,"0,009",2,,
"0,071","0,4999","0,0115","0,0072",8,0,"0,009",3,,
"0,071","0,4999","0,0115","0,0072",8,0,"0,009",4,,
"0,071","0,4999","0,0115","0,0072",8,0,"0,009",5,,
"0,071","0,4999","0,0115","0,0072",8,0,"0,008",6,,
"0,071","0,4999","0,0115","0,0072",8,0,"0,008",7,,
"0,071","0,4999","0,0115","0,0072",8,0,"0,008",8,,
"0,071","0,4999","0,0115","0,0072",8,1,"0,009",0,,
"0,071","0,4999","0,0115","0,0072",8,1,"0,009",1,,
"0,071","0,4999","0,0115","0,0072",8,1,"0,009",2,,
"0,071","0,4999","0,0115","0,0072",8,1,"0,009",3,,
"0,071","0,4999","0,0115","0,0072",8,1,"0,009",4,,
"0,071","0,4999","0,0115","0,0072",8,1,"0,009",5,,
"0,071","0,4999","0,0115","0,0072",8,1,"0,008",6,,
"0,071","0,4999","0,0115","0,0072",8,1,"0,008",7,,
"0,071","0,4999","0,0115","0,0072",8,1,"0,008",8,,
"0,071","0,4999","0,0115","0,0072",8,2,"0,009",0,,
"0,071","0,4999","0,0115","0,0072",8,2,"0,009",1,,
"0,071","0,4999","0,0115","0,0072",8,2,"0,009",2,,
"0,071","0,4999","0,0115","0,0072",8,2,"0,009",3,,
"0,071","0,4999","0,0115","0,0072",8,2,"0,009",4,,
"0,071","0,4999","0,0115","0,0072",8,2,"0,009",5,,
"0,071","0,4999","0,0115","0,0072",8,2,"0,008",6,,
"0,071","0,4999","0,0115","0,0072",8,2,"0,008",7,,
"0,071","0,4999","0,0115","0,0072",8,2,"0,008",8,,
"0,071","0,4999","0,0115","0,0072",8,3,"0,009",0,,
"0,071","0,4999","0,0115","0,0072",8,3,"0,009",1,,
"0,071","0,4999","0,0115","0,0072",8,3,"0,009",2,,
"0,071","0,4999","0,0115","0,0072",8,3,"0,009",3,,
"0,071","0,4999","0,0115","0,0072",8,3,"0,009",4,,
"0,071","0,4999","0,0115","0,0072",8,3,"0,009",5,,
"0,071","0,4999","0,0115","0,0072",8,3,"0,009",6,,
"0,071","0,4999","0,0115","0,0072",8,3,"0,008",7,,
"0,071","0,4999","0,0115","0,0072",8,3,"0,008",8,,
"0,071","0,5199","0,0115","0,0072",8,0,"0,009",0,,
"0,071","0,5199","0,0115","0,0072",8,0,"0,009",1,,
"0,071","0,5199","0,0115","0,0072",8,0,"0,009",2,,
"0,071","0,5199","0,0115","0,0072",8,0,"0,009",3,,
"0,071","0,5199","0,0115","0,0072",8,0,"0,009",4,,
"0,071","0,5199","0,0115","0,0072",8,0,"0,009",5,,
"0,071","0,5199","0,0115","0,0072",8,0,"0,008",6,,
"0,071","0,5199","0,0115","0,0072",8,0,"0,008",7,,
"0,071","0,5199","0,0115","0,0072",8,0,"0,008",8,,
"0,071","0,5199","0,0115","0,0072",8,1,"0,009",0,,
"0,071","0,5199","0,0115","0,0072",8,1,"0,009",1,,
"0,071","0,5199","0,0115","0,0072",8,1,"0,009",2,,
"0,071","0,5199","0,0115","0,0072",8,1,"0,009",3,,
"0,071","0,5199","0,0115","0,0072",8,1,"0,009",4,,
"0,071","0,5199","0,0115","0,0072",8,1,"0,009",5,,
"0,071","0,5199","0,0115","0,0072",8,1,"0,008",6,,
"0,071","0,5199","0,0115","0,0072",8,1,"0,008",7,,
"0,071","0,5199","0,0115","0,0072",8,1,"0,008",8,,
"0,071","0,5199","0,0115","0,0072",8,2,"0,009",0,,
"0,071","0,5199","0,0115","0,0072",8,2,"0,009",1,,
"0,071","0,5199","0,0115","0,0072",8,2,"0,009",2,,
"0,071","0,5199","0,0115","0,0072",8,2,"0,009",3,,
"0,071","0,5199","0,0115","0,0072",8,2,"0,009",4,,
"0,071","0,5199","0,0115","0,0072",8,2,"0,009",5,,
"0,071","0,5199","0,0115","0,0072",8,2,"0,008",6,,
"0,071","0,5199","0,0115","0,0072",8,2,"0,008",7,,
"0,071","0,5199","0,0115","0,0072",8,2,"0,008",8,,
"0,071","0,5199","0,0115","0,0072",8,3,"0,009",0,,
"0,071","0,5199","0,0115","0,0072",8,3,"0,009",1,,
"0,071","0,5199","0,0115","0,0072",8,3,"0,009",2,,
"0,071","0,5199","0,0115","0,0072",8,3,"0,009",3,,
"0,071","0,5199","0,0115","0,0072",8,3,"0,009",4,,
"0,071","0,5199","0,0115","0,0072",8,3,"0,009",5,,
"0,071","0,5199","0,0115","0,0072",8,3,"0,008",6,,
"0,071","0,5199","0,0115","0,0072",8,3,"0,008",7,,
"0,071","0,5199","0,0115","0,0072",8,3,"0,008",8,,
"0,07","0,478","0,0115","0,0072",7,0,0,0,megarwnH64/main_megaronH,aulos_megaronH1
"0,07","0,478","0,0115","0,0072",7,"0,3047","0,009",1,megarwnH64/main_megaronH,aulos_megaronH2
"0,07","0,478","0,0115","0,0072",7,"0,2692","0,009",2,megarwnH64/main_megaronH,aulos_megaronH3
"0,07","0,478","0,0115","0,0072",7,"0,2331","0,009",3,megarwnH64/main_megaronH,aulos_megaronH4
"0,07","0,478","0,0115","0,0072",7,"0,1664","0,009",4,megarwnH64/main_megaronH,aulos_megaronH5
"0,07","0,478","0,0115","0,0072",7,"0,101","0,009",5,megarwnH64/main_megaronH,aulos_megaronH6
"0,07","0,478","0,0115","0,0072",7,"0,0505","0,008",6,megarwnH64/main_megaronH,aulos_megaronH7
"0,07","0,478","0,0115","0,0072",7,"0,0234","0,008",7,megarwnH64/main_megaronH,aulos_megaronH8
"0,07","0,478","0,0115","0,0072",7,1,0,0,,
"0,07","0,478","0,0115","0,0072",7,1,"0,009",1,,
"0,07","0,478","0,0115","0,0072",7,1,"0,009",2,,
"0,07","0,478","0,0115","0,0072",7,1,"0,009",3,,
"0,07","0,478","0,0115","0,0072",7,1,"0,009",4,,
"0,07","0,478","0,0115","0,0072",7,1,"0,009",5,,
"0,07","0,478","0,0115","0,0072",7,1,"0,008",6,,
"0,07","0,478","0,0115","0,0072",7,1,"0,008",7,,
"0,07","0,478","0,0115","0,0072",7,2,0,0,,
"0,07","0,478","0,0115","0,0072",7,2,"0,009",1,,
"0,07","0,478","0,0115","0,0072",7,2,"0,009",2,,
"0,07","0,478","0,0115","0,0072",7,2,"0,009",3,,
"0,07","0,478","0,0115","0,0072",7,2,"0,009",4,,
"0,07","0,478","0,0115","0,0072",7,2,"0,009",5,,
"0,07","0,478","0,0115","0,0072",7,2,"0,008",6,,
"0,07","0,478","0,0115","0,0072",7,2,"0,008",7,,
"0,07","0,478","0,0115","0,0072",7,3,0,0,,
"0,07","0,478","0,0115","0,0072",7,3,"0,009",1,,
"0,07","0,478","0,0115","0,0072",7,3,"0,009",2,,
"0,07","0,478","0,0115","0,0072",7,3,"0,009",3,,
"0,07","0,478","0,0115","0,0072",7,3,"0,009",4,,
"0,07","0,478","0,0115","0,0072",7,3,"0,009",5,,
"0,07","0,478","0,0115","0,0072",7,3,"0,008",6,,
"0,07","0,478","0,0115","0,0072",7,3,"0,008",7,,
"0,07","0,468","0,0115","0,0072",7,0,0,0,megarwnH64/megaronH_L_Minus,aulos_megaronHMinusL1
"0,07","0,468","0,0115","0,0072",7,"0,3047","0,009",1,megarwnH64/megaronH_L_Minus,aulos_megaronHMinusL2
"0,07","0,468","0,0115","0,0072",7,"0,2692","0,009",2,megarwnH64/megaronH_L_Minus,aulos_megaronHMinusL3
"0,07","0,468","0,0115","0,0072",7,"0,2331","0,009",3,megarwnH64/megaronH_L_Minus,aulos_megaronHMinusL4
"0,07","0,468","0,0115","0,0072",7,"0,1664","0,009",4,megarwnH64/megaronH_L_Minus,aulos_megaronHMinusL5
"0,07","0,468","0,0115","0,0072",7,"0,101","0,009",5,megarwnH64/megaronH_L_Minus,aulos_megaronHMinusL6
"0,07","0,468","0,0115","0,0072",7,"0,0505","0,008",6,megarwnH64/megaronH_L_Minus,aulos_megaronHMinusL7
"0,07","0,468","0,0115","0,0072",7,"0,0234","0,008",7,megarwnH64/megaronH_L_Minus,aulos_megaronHMinusL8
"0,07","0,468","0,0115","0,0072",7,1,0,0,,
"0,07","0,468","0,0115","0,0072",7,1,"0,009",1,,
"0,07","0,468","0,0115","0,0072",7,1,"0,009",2,,
"0,07","0,468","0,0115","0,0072",7,1,"0,009",3,,
"0,07","0,468","0,0115","0,0072",7,1,"0,009",4,,
"0,07","0,468","0,0115","0,0072",7,1,"0,009",5,,
"0,07","0,468","0,0115","0,0072",7,1,"0,008",6,,
"0,07","0,468","0,0115","0,0072",7,1,"0,008",7,,
"0,07","0,468","0,0115","0,0072",7,2,0,0,,
"0,07","0,468","0,0115","0,0072",7,2,"0,009",1,,
"0,07","0,468","0,0115","0,0072",7,2,"0,009",2,,
"0,07","0,468","0,0115","0,0072",7,2,"0,009",3,,
"0,07","0,468","0,0115","0,0072",7,2,"0,009",4,,
"0,07","0,468","0,0115","0,0072",7,2,"0,009",5,,
"0,07","0,468","0,0115","0,0072",7,2,"0,008",6,,
"0,07","0,468","0,0115","0,0072",7,2,"0,008",7,,
"0,07","0,468","0,0115","0,0072",7,3,0,0,,
"0,07","0,468","0,0115","0,0072",7,3,"0,009",1,,
"0,07","0,468","0,0115","0,0072",7,3,"0,009",2,,
"0,07","0,468","0,0115","0,0072",7,3,"0,009",3,,
"0,07","0,468","0,0115","0,0072",7,3,"0,009",4,,
"0,07","0,468","0,0115","0,0072",7,3,"0,009",5,,
"0,07","0,468","0,0115","0,0072",7,3,"0,008",6,,
"0,07","0,468","0,0115","0,0072",7,3,"0,008",7,,
"0,07","0,488","0,0115","0,0072",7,0,0,0,megarwnH64/megaronH_L_Plus,aulos_megaronHPlusL1
"0,07","0,488","0,0115","0,0072",7,"0,3047","0,009",1,megarwnH64/megaronH_L_Plus,aulos_megaronHPlusL2
"0,07","0,488","0,0115","0,0072",7,"0,2692","0,009",2,megarwnH64/megaronH_L_Plus,aulos_megaronHPlusL3
"0,07","0,488","0,0115","0,0072",7,"0,2331","0,009",3,megarwnH64/megaronH_L_Plus,aulos_megaronHPlusL4
"0,07","0,488","0,0115","0,0072",7,"0,1664","0,009",4,megarwnH64/megaronH_L_Plus,aulos_megaronHPlusL5
"0,07","0,488","0,0115","0,0072",7,"0,101","0,009",5,megarwnH64/megaronH_L_Plus,aulos_megaronHPlusL6
"0,07","0,488","0,0115","0,0072",7,"0,0505","0,008",6,megarwnH64/megaronH_L_Plus,aulos_megaronHPlusL7
"0,07","0,488","0,0115","0,0072",7,"0,0234","0,008",7,megarwnH64/megaronH_L_Plus,aulos_megaronHPlusL8
"0,07","0,488","0,0115","0,0072",7,1,0,0,,
"0,07","0,488","0,0115","0,0072",7,1,"0,009",1,,
"0,07","0,488","0,0115","0,0072",7,1,"0,009",2,,
"0,07","0,488","0,0115","0,0072",7,1,"0,009",3,,
"0,07","0,488","0,0115","0,0072",7,1,"0,009",4,,
"0,07","0,488","0,0115","0,0072",7,1,"0,009",5,,
"0,07","0,488","0,0115","0,0072",7,1,"0,008",6,,
"0,07","0,488","0,0115","0,0072",7,1,"0,008",7,,
"0,07","0,488","0,0115","0,0072",7,2,0,0,,
"0,07","0,488","0,0115","0,0072",7,2,"0,009",1,,
"0,07","0,488","0,0115","0,0072",7,2,"0,009",2,,
"0,07","0,488","0,0115","0,0072",7,2,"0,009",3,,
"0,07","0,488","0,0115","0,0072",7,2,"0,009",4,,
"0,07","0,488","0,0115","0,0072",7,2,"0,009",5,,
"0,07","0,488","0,0115","0,0072",7,2,"0,008",6,,
"0,07","0,488","0,0115","0,0072",7,2,"0,008",7,,
"0,07","0,488","0,0115","0,0072",7,3,0,0,,
"0,07","0,488","0,0115","0,0072",7,3,"0,009",1,,
"0,07","0,488","0,0115","0,0072",7,3,"0,009",2,,
"0,07","0,488","0,0115","0,0072",7,3,"0,009",3,,
"0,07","0,488","0,0115","0,0072",7,3,"0,009",4,,
"0,07","0,488","0,0115","0,0072",7,3,"0,009",5,,
"0,07","0,488","0,0115","0,0072",7,3,"0,008",6,,
"0,07","0,488","0,0115","0,0072",7,3,"0,008",7,,
"0,07","0,484","0,0115","0,0072",7,0,0,0,megarwnH64/megaronH_L_Plusn,aulos_megaronHPlusnL1
"0,07","0,484","0,0115","0,0072",7,"0,3047","0,009",1,megarwnH64/megaronH_L_Plusn,aulos_megaronHPlusnL2
"0,07","0,484","0,0115","0,0072",7,"0,2692","0,009",2,megarwnH64/megaronH_L_Plusn,aulos_megaronHPlusnL3
"0,07","0,484","0,0115","0,0072",7,"0,2331","0,009",3,megarwnH64/megaronH_L_Plusn,aulos_megaronHPlusnL4
"0,07","0,484","0,0115","0,0072",7,"0,1664","0,009",4,megarwnH64/megaronH_L_Plusn,aulos_megaronHPlusnL5
"0,07","0,484","0,0115","0,0072",7,"0,101","0,009",5,megarwnH64/megaronH_L_Plusn,aulos_megaronHPlusnL6
"0,07","0,484","0,0115","0,0072",7,"0,0505","0,008",6,megarwnH64/megaronH_L_Plusn,aulos_megaronHPlusnL7
"0,07","0,484","0,0115","0,0072",7,"0,0234","0,008",7,megarwnH64/megaronH_L_Plusn,aulos_megaronHPlusnL8
"0,07","0,484","0,0115","0,0072",7,1,0,0,,
"0,07","0,484","0,0115","0,0072",7,1,"0,009",1,,
"0,07","0,484","0,0115","0,0072",7,1,"0,009",2,,
"0,07","0,484","0,0115","0,0072",7,1,"0,009",3,,
"0,07","0,484","0,0115","0,0072",7,1,"0,009",4,,
"0,07","0,484","0,0115","0,0072",7,1,"0,009",5,,
"0,07","0,484","0,0115","0,0072",7,1,"0,008",6,,
"0,07","0,484","0,0115","0,0072",7,1,"0,008",7,,
"0,07","0,484","0,0115","0,0072",7,2,0,0,,
"0,07","0,484","0,0115","0,0072",7,2,"0,009",1,,
"0,07","0,484","0,0115","0,0072",7,2,"0,009",2,,
"0,07","0,484","0,0115","0,0072",7,2,"0,009",3,,
"0,07","0,484","0,0115","0,0072",7,2,"0,009",4,,
"0,07","0,484","0,0115","0,0072",7,2,"0,009",5,,
"0,07","0,484","0,0115","0,0072",7,2,"0,008",6,,
"0,07","0,484","0,0115","0,0072",7,2,"0,008",7,,
"0,07","0,484","0,0115","0,0072",7,3,0,0,,
"0,07","0,484","0,0115","0,0072",7,3,"0,009",1,,
"0,07","0,484","0,0115","0,0072",7,3,"0,009",2,,
"0,07","0,484","0,0115","0,0072",7,3,"0,009",3,,
"0,07","0,484","0,0115","0,0072",7,3,"0,009",4,,
"0,07","0,484","0,0115","0,0072",7,3,"0,009",5,,
"0,07","0,484","0,0115","0,0072",7,3,"0,008",6,,
"0,07","0,484","0,0115","0,0072",7,3,"0,008",7,,
"0,458","0,478","0,0115","0,0072",7,0,0,0,megarwnH64/megaronH_R_Minus,aulos_megaronHMinusR1
"0,458","0,478","0,0115","0,0072",7,"0,3047","0,009",1,megarwnH64/megaronH_R_Minus,aulos_megaronHMinusR2
"0,458","0,478","0,0115","0,0072",7,"0,2692","0,009",2,megarwnH64/megaronH_R_Minus,aulos_megaronHMinusR3
"0,458","0,478","0,0115","0,0072",7,"0,2331","0,009",3,megarwnH64/megaronH_R_Minus,aulos_megaronHMinusR4
"0,458","0,478","0,0115","0,0072",7,"0,1664","0,009",4,megarwnH64/megaronH_R_Minus,aulos_megaronHMinusR5
"0,458","0,478","0,0115","0,0072",7,"0,101","0,009",5,megarwnH64/megaronH_R_Minus,aulos_megaronHMinusR6
"0,458","0,478","0,0115","0,0072",7,"0,0505","0,008",6,megarwnH64/megaronH_R_Minus,aulos_megaronHMinusR7
"0,458","0,478","0,0115","0,0072",7,"0,0234","0,008",7,megarwnH64/megaronH_R_Minus,aulos_megaronHMinusR8
"0,458","0,478","0,0115","0,0072",7,1,0,0,,
"0,458","0,478","0,0115","0,0072",7,1,"0,009",1,,
"0,458","0,478","0,0115","0,0072",7,1,"0,009",2,,
"0,458","0,478","0,0115","0,0072",7,1,"0,009",3,,
"0,458","0,478","0,0115","0,0072",7,1,"0,009",4,,
"0,458","0,478","0,0115","0,0072",7,1,"0,009",5,,
"0,458","0,478","0,0115","0,0072",7,1,"0,008",6,,
"0,458","0,478","0,0115","0,0072",7,1,"0,008",7,,
"0,458","0,478","0,0115","0,0072",7,2,0,0,,
"0,458","0,478","0,0115","0,0072",7,2,"0,009",1,,
"0,458","0,478","0,0115","0,0072",7,2,"0,009",2,,
"0,458","0,478","0,0115","0,0072",7,2,"0,009",3,,
"0,458","0,478","0,0115","0,0072",7,2,"0,009",4,,
"0,458","0,478","0,0115","0,0072",7,2,"0,009",5,,
"0,458","0,478","0,0115","0,0072",7,2,"0,008",6,,
"0,458","0,478","0,0115","0,0072",7,2,"0,008",7,,
"0,458","0,478","0,0115","0,0072",7,3,0,0,,
"0,458","0,478","0,0115","0,0072",7,3,"0,009",1,,
"0,458","0,478","0,0115","0,0072",7,3,"0,009",2,,
"0,458","0,478","0,0115","0,0072",7,3,"0,009",3,,
"0,458","0,478","0,0115","0,0072",7,3,"0,009",4,,
"0,458","0,478","0,0115","0,0072",7,3,"0,009",5,,
"0,458","0,478","0,0115","0,0072",7,3,"0,008",6,,
"0,458","0,478","0,0115","0,0072",7,3,"0,008",7,,
"0,498","0,478","0,0115","0,0072",7,0,0,0,megarwnH64/megaronH_R_Plus,aulos_megaronHPlusR1
"0,498","0,478","0,0115","0,0072",7,"0,3047","0,009",1,megarwnH64/megaronH_R_Plus,aulos_megaronHPlusR2
"0,498","0,478","0,0115","0,0072",7,"0,2692","0,009",2,megarwnH64/megaronH_R_Plus,aulos_megaronHPlusR3
"0,498","0,478","0,0115","0,0072",7,"0,2331","0,009",3,megarwnH64/megaronH_R_Plus,aulos_megaronHPlusR4
"0,498","0,478","0,0115","0,0072",7,"0,1664","0,009",4,megarwnH64/megaronH_R_Plus,aulos_megaronHPlusR5
"0,498","0,478","0,0115","0,0072",7,"0,101","0,009",5,megarwnH64/megaronH_R_Plus,aulos_megaronHPlusR6
"0,498","0,478","0,0115","0,0072",7,"0,0505","0,008",6,megarwnH64/megaronH_R_Plus,aulos_megaronHPlusR7
"0,498","0,478","0,0115","0,0072",7,"0,0234","0,008",7,megarwnH64/megaronH_R_Plus,aulos_megaronHPlusR8
"0,498","0,478","0,0115","0,0072",7,1,0,0,,
"0,498","0,478","0,0115","0,0072",7,1,"0,009",1,,
"0,498","0,478","0,0115","0,0072",7,1,"0,009",2,,
"0,498","0,478","0,0115","0,0072",7,1,"0,009",3,,
"0,498","0,478","0,0115","0,0072",7,1,"0,009",4,,
"0,498","0,478","0,0115","0,0072",7,1,"0,009",5,,
"0,498","0,478","0,0115","0,0072",7,1,"0,008",6,,
"0,498","0,478","0,0115","0,0072",7,1,"0,008",7,,
"0,498","0,478","0,0115","0,0072",7,2,0,0,,
"0,498","0,478","0,0115","0,0072",7,2,"0,009",1,,
"0,498","0,478","0,0115","0,0072",7,2,"0,009",2,,
"0,498","0,478","0,0115","0,0072",7,2,"0,009",3,,
"0,498","0,478","0,0115","0,0072",7,2,"0,009",4,,
"0,498","0,478","0,0115","0,0072",7,2,"0,009",5,,
"0,498","0,478","0,0115","0,0072",7,2,"0,008",6,,
"0,498","0,478","0,0115","0,0072",7,2,"0,008",7,,
"0,498","0,478","0,0115","0,0072",7,3,0,0,,
"0,498","0,478","0,0115","0,0072",7,3,"0,009",1,,
"0,498","0,478","0,0115","0,0072",7,3,"0,009",2,,
"0,498","0,478","0,0115","0,0072",7,3,"0,009",3,,
"0,498","0,478","0,0115","0,0072",7,3,"0,009",4,,
"0,498","0,478","0,0115","0,0072",7,3,"0,009",5,,
"0,498","0,478","0,0115","0,0072",7,3,"0,008",6,,
"0,498","0,478","0,0115","0,0072",7,3,"0,008",7,,
"0,071","0,478","0,0115","0,0072",7,0,0,0,megarwnH64/megaronH_R_Plusn,aulos_megaronHPlusnR1
"0,071","0,478","0,0115","0,0072",7,"0,3047","0,009",1,megarwnH64/megaronH_R_Plusn,aulos_megaronHPlusnR2
"0,071","0,478","0,0115","0,0072",7,"0,2692","0,009",2,megarwnH64/megaronH_R_Plusn,aulos_megaronHPlusnR3
"0,071","0,478","0,0115","0,0072",7,"0,2331","0,009",3,megarwnH64/megaronH_R_Plusn,aulos_megaronHPlusnR4
"0,071","0,478","0,0115","0,0072",7,"0,1664","0,009",4,megarwnH64/megaronH_R_Plusn,aulos_megaronHPlusnR5
"0,071","0,478","0,0115","0,0072",7,"0,101","0,009",5,megarwnH64/megaronH_R_Plusn,aulos_megaronHPlusnR6
"0,071","0,478","0,0115","0,0072",7,"0,0505","0,008",6,megarwnH64/megaronH_R_Plusn,aulos_megaronHPlusnR7
"0,071","0,478","0,0115","0,0072",7,"0,0234","0,008",7,megarwnH64/megaronH_R_Plusn,aulos_megaronHPlusnR8
"0,071","0,478","0,0115","0,0072",7,1,0,0,,
"0,071","0,478","0,0115","0,0072",7,1,"0,009",1,,
"0,071","0,478","0,0115","0,0072",7,1,"0,009",2,,
"0,071","0,478","0,0115","0,0072",7,1,"0,009",3,,
"0,071","0,478","0,0115","0,0072",7,1,"0,009",4,,
"0,071","0,478","0,0115","0,0072",7,1,"0,009",5,,
"0,071","0,478","0,0115","0,0072",7,1,"0,008",6,,
"0,071","0,478","0,0115","0,0072",7,1,"0,008",7,,
"0,071","0,478","0,0115","0,0072",7,2,0,0,,
"0,071","0,478","0,0115","0,0072",7,2,"0,009",1,,
"0,071","0,478","0,0115","0,0072",7,2,"0,009",2,,
"0,071","0,478","0,0115","0,0072",7,2,"0,009",3,,
"0,071","0,478","0,0115","0,0072",7,2,"0,009",4,,
"0,071","0,478","0,0115","0,0072",7,2,"0,009",5,,
"0,071","0,478","0,0115","0,0072",7,2,"0,008",6,,
"0,071","0,478","0,0115","0,0072",7,2,"0,008",7,,
"0,071","0,478","0,0115","0,0072",7,3,0,0,,
"0,071","0,478","0,0115","0,0072",7,3,"0,009",1,,
"0,071","0,478","0,0115","0,0072",7,3,"0,009",2,,
"0,071","0,478","0,0115","0,0072",7,3,"0,009",3,,
"0,071","0,478","0,0115","0,0072",7,3,"0,009",4,,
"0,071","0,478","0,0115","0,0072",7,3,"0,009",5,,
"0,071","0,478","0,0115","0,0072",7,3,"0,008",6,,
"0,071","0,478","0,0115","0,0072",7,3,"0,008",7,,
"0,07","0,478","0,0115","0,0072",7,0,0,0,,
"0,07","0,478","0,0115","0,0072",7,0,"0,009",1,,
"0,07","0,478","0,0115","0,0072",7,0,"0,009",2,,
"0,07","0,478","0,0115","0,0072",7,0,"0,009",3,,
"0,07","0,478","0,0115","0,0072",7,0,"0,009",4,,
"0,07","0,478","0,0115","0,0072",7,0,"0,009",5,,
"0,07","0,478","0,0115","0,0072",7,0,"0,008",6,,
"0,07","0,478","0,0115","0,0072",7,0,"0,008",7,,
"0,07","0,478","0,0115","0,0072",7,1,0,0,megarwnH64/megaronH_TH_Minus,aulos_megaronHMinusTH1
"0,07","0,478","0,0115","0,0072",7,"0,2947","0,009",1,megarwnH64/megaronH_TH_Minus,aulos_megaronHMinusTH2
"0,07","0,478","0,0115","0,0072",7,"0,2592","0,009",2,megarwnH64/megaronH_TH_Minus,aulos_megaronHMinusTH3
"0,07","0,478","0,0115","0,0072",7,"0,2231","0,009",3,megarwnH64/megaronH_TH_Minus,aulos_megaronHMinusTH4
"0,07","0,478","0,0115","0,0072",7,"0,1564","0,009",4,megarwnH64/megaronH_TH_Minus,aulos_megaronHMinusTH5
"0,07","0,478","0,0115","0,0072",7,"0,091","0,009",5,megarwnH64/megaronH_TH_Minus,aulos_megaronHMinusTH6
"0,07","0,478","0,0115","0,0072",7,"0,0405","0,008",6,megarwnH64/megaronH_TH_Minus,aulos_megaronHMinusTH7
"0,07","0,478","0,0115","0,0072",7,"0,0134","0,008",7,megarwnH64/megaronH_TH_Minus,aulos_megaronHMinusTH8
"0,07","0,478","0,0115","0,0072",7,2,0,0,megarwnH64/megaronH_TH_Plus,aulos_megaronHPlusTH1
"0,07","0,478","0,0115","0,0072",7,"0,3147","0,009",1,megarwnH64/megaronH_TH_Plus,aulos_megaronHPlusTH2
"0,07","0,478","0,0115","0,0072",7,"0,2792","0,009",2,megarwnH64/megaronH_TH_Plus,aulos_megaronHPlusTH3
"0,07","0,478","0,0115","0,0072",7,"0,2431","0,009",3,megarwnH64/megaronH_TH_Plus,aulos_megaronHPlusTH4
"0,07","0,478","0,0115","0,0072",7,"0,1764","0,009",4,megarwnH64/megaronH_TH_Plus,aulos_megaronHPlusTH5
"0,07","0,478","0,0115","0,0072",7,"0,111","0,009",5,megarwnH64/megaronH_TH_Plus,aulos_megaronHPlusTH6
"0,07","0,478","0,0115","0,0072",7,"0,0605","0,008",6,megarwnH64/megaronH_TH_Plus,aulos_megaronHPlusTH7
"0,07","0,478","0,0115","0,0072",7,"0,0334","0,008",7,megarwnH64/megaronH_TH_Plus,aulos_megaronHPlusTH8
"0,07","0,478","0,0115","0,0072",7,3,0,0,megarwnH64/megaronH_TH_Plusn,aulos_megaronHPlusnTH1
"0,07","0,478","0,0115","0,0072",7,"0,3097","0,009",1,megarwnH64/megaronH_TH_Plusn,aulos_megaronHPlusnTH2
"0,07","0,478","0,0115","0,0072",7,"0,2742","0,009",2,megarwnH64/megaronH_TH_Plusn,aulos_megaronHPlusnTH3
"0,07","0,478","0,0115","0,0072",7,"0,2381","0,009",3,megarwnH64/megaronH_TH_Plusn,aulos_megaronHPlusnTH4
"0,07","0,478","0,0115","0,0072",7,"0,1714","0,009",4,megarwnH64/megaronH_TH_Plusn,aulos_megaronHPlusnTH5
"0,07","0,478","0,0115","0,0072",7,"0,106","0,009",5,megarwnH64/megaronH_TH_Plusn,aulos_megaronHPlusnTH6
"0,07","0,478","0,0115","0,0072",7,"0,0555","0,008",6,megarwnH64/megaronH_TH_Plusn,aulos_megaronHPlusnTH7
"0,07","0,478","0,0115","0,0072",7,"0,0284","0,008",7,megarwnH64/megaronH_TH_Plusn,aulos_megaronHPlusnTH8
"0,458","0,468","0,0115","0,0072",7,0,0,0,,
"0,458","0,468","0,0115","0,0072",7,0,"0,009",1,,
"0,458","0,468","0,0115","0,0072",7,0,"0,009",2,,
"0,458","0,468","0,0115","0,0072",7,0,"0,009",3,,
"0,458","0,468","0,0115","0,0072",7,0,"0,009",4,,
"0,458","0,468","0,0115","0,0072",7,0,"0,009",5,,
"0,458","0,468","0,0115","0,0072",7,0,"0,008",6,,
"0,458","0,468","0,0115","0,0072",7,0,"0,008",7,,
"0,458","0,468","0,0115","0,0072",7,1,1,0,,
"0,458","0,468","0,0115","0,0072",7,1,"0,009",1,,
"0,458","0,468","0,0115","0,0072",7,1,"0,009",2,,
"0,458","0,468","0,0115","0,0072",7,1,"0,009",3,,
"0,458","0,468","0,0115","0,0072",7,1,"0,009",4,,
"0,458","0,468","0,0115","0,0072",7,1,"0,009",5,,
"0,458","0,468","0,0115","0,0072",7,1,"0,008",6,,
"0,458","0,468","0,0115","0,0072",7,1,"0,008",7,,
"0,458","0,468","0,0115","0,0072",7,2,2,0,,
"0,458","0,468","0,0115","0,0072",7,2,"0,009",1,,
"0,458","0,468","0,0115","0,0072",7,2,"0,009",2,,
"0,458","0,468","0,0115","0,0072",7,2,"0,009",3,,
"0,458","0,468","0,0115","0,0072",7,2,"0,009",4,,
"0,458","0,468","0,0115","0,0072",7,2,"0,009",5,,
"0,458","0,468","0,0115","0,0072",7,2,"0,008",6,,
"0,458","0,468","0,0115","0,0072",7,2,"0,008",7,,
"0,458","0,468","0,0115","0,0072",7,3,3,0,,
"0,458","0,468","0,0115","0,0072",7,3,"0,009",1,,
"0,458","0,468","0,0115","0,0072",7,3,"0,009",2,,
"0,458","0,468","0,0115","0,0072",7,3,"0,009",3,,
"0,458","0,468","0,0115","0,0072",7,3,"0,009",4,,
"0,458","0,468","0,0115","0,0072",7,3,"0,009",5,,
"0,458","0,468","0,0115","0,0072",7,3,"0,008",6,,
"0,458","0,468","0,0115","0,0072",7,3,"0,008",7,,
"0,458","0,488","0,0115","0,0072",7,0,0,0,,
"0,458","0,488","0,0115","0,0072",7,0,"0,009",1,,
"0,458","0,488","0,0115","0,0072",7,0,"0,009",2,,
"0,458","0,488","0,0115","0,0072",7,0,"0,009",3,,
"0,458","0,488","0,0115","0,0072",7,0,"0,009",4,,
"0,458","0,488","0,0115","0,0072",7,0,"0,009",5,,
"0,458","0,488","0,0115","0,0072",7,0,"0,008",6,,
"0,458","0,488","0,0115","0,0072",7,0,"0,008",7,,
"0,458","0,488","0,0115","0,0072",7,1,1,0,,
"0,458","0,488","0,0115","0,0072",7,1,"0,009",1,,
"0,458","0,488","0,0115","0,0072",7,1,"0,009",2,,
"0,458","0,488","0,0115","0,0072",7,1,"0,009",3,,
"0,458","0,488","0,0115","0,0072",7,1,"0,009",4,,
"0,458","0,488","0,0115","0,0072",7,1,"0,009",5,,
"0,458","0,488","0,0115","0,0072",7,1,"0,008",6,,
"0,458","0,488","0,0115","0,0072",7,1,"0,008",7,,
"0,458","0,488","0,0115","0,0072",7,2,2,0,,
"0,458","0,488","0,0115","0,0072",7,2,"0,009",1,,
"0,458","0,488","0,0115","0,0072",7,2,"0,009",2,,
"0,458","0,488","0,0115","0,0072",7,2,"0,009",3,,
"0,458","0,488","0,0115","0,0072",7,2,"0,009",4,,
"0,458","0,488","0,0115","0,0072",7,2,"0,009",5,,
"0,458","0,488","0,0115","0,0072",7,2,"0,008",6,,
"0,458","0,488","0,0115","0,0072",7,2,"0,008",7,,
"0,458","0,488","0,0115","0,0072",7,3,3,0,,
"0,458","0,488","0,0115","0,0072",7,3,"0,009",1,,
"0,458","0,488","0,0115","0,0072",7,3,"0,009",2,,
"0,458","0,488","0,0115","0,0072",7,3,"0,009",3,,
"0,458","0,488","0,0115","0,0072",7,3,"0,009",4,,
"0,458","0,488","0,0115","0,0072",7,3,"0,009",5,,
"0,458","0,488","0,0115","0,0072",7,3,"0,008",6,,
"0,458","0,488","0,0115","0,0072",7,3,"0,008",7,,
"0,458","0,478","0,0115","0,0072",7,0,0,0,,
"0,458","0,478","0,0115","0,0072",7,0,"0,009",1,,
"0,458","0,478","0,0115","0,0072",7,0,"0,009",2,,
"0,458","0,478","0,0115","0,0072",7,0,"0,009",3,,
"0,458","0,478","0,0115","0,0072",7,0,"0,009",4,,
"0,458","0,478","0,0115","0,0072",7,0,"0,009",5,,
"0,458","0,478","0,0115","0,0072",7,0,"0,008",6,,
"0,458","0,478","0,0115","0,0072",7,0,"0,008",7,,
"0,458","0,478","0,0115","0,0072",7,1,1,0,,
"0,458","0,478","0,0115","0,0072",7,1,"0,009",1,,
"0,458","0,478","0,0115","0,0072",7,1,"0,009",2,,
"0,458","0,478","0,0115","0,0072",7,1,"0,009",3,,
"0,458","0,478","0,0115","0,0072",7,1,"0,009",4,,
"0,458","0,478","0,0115","0,0072",7,1,"0,009",5,,
"0,458","0,478","0,0115","0,0072",7,1,"0,008",6,,
"0,458","0,478","0,0115","0,0072",7,1,"0,008",7,,
"0,458","0,478","0,0115","0,0072",7,2,2,0,,
"0,458","0,478","0,0115","0,0072",7,2,"0,009",1,,
"0,458","0,478","0,0115","0,0072",7,2,"0,009",2,,
"0,458","0,478","0,0115","0,0072",7,2,"0,009",3,,
"0,458","0,478","0,0115","0,0072",7,2,"0,009",4,,
"0,458","0,478","0,0115","0,0072",7,2,"0,009",5,,
"0,458","0,478","0,0115","0,0072",7,2,"0,008",6,,
"0,458","0,478","0,0115","0,0072",7,2,"0,008",7,,
"0,458","0,478","0,0115","0,0072",7,3,3,0,,
"0,458","0,478","0,0115","0,0072",7,3,"0,009",1,,
"0,458","0,478","0,0115","0,0072",7,3,"0,009",2,,
"0,458","0,478","0,0115","0,0072",7,3,"0,009",3,,
"0,458","0,478","0,0115","0,0072",7,3,"0,009",4,,
"0,458","0,478","0,0115","0,0072",7,3,"0,009",5,,
"0,458","0,478","0,0115","0,0072",7,3,"0,008",6,,
"0,458","0,478","0,0115","0,0072",7,3,"0,008",7,,
"0,458","0,484","0,0115","0,0072",7,0,0,0,,
"0,458","0,484","0,0115","0,0072",7,0,"0,009",1,,
"0,458","0,484","0,0115","0,0072",7,0,"0,009",2,,
"0,458","0,484","0,0115","0,0072",7,0,"0,009",3,,
"0,458","0,484","0,0115","0,0072",7,0,"0,009",4,,
"0,458","0,484","0,0115","0,0072",7,0,"0,009",5,,
"0,458","0,484","0,0115","0,0072",7,0,"0,008",6,,
"0,458","0,484","0,0115","0,0072",7,0,"0,008",7,,
"0,458","0,484","0,0115","0,0072",7,1,1,0,,
"0,458","0,484","0,0115","0,0072",7,1,"0,009",1,,
"0,458","0,484","0,0115","0,0072",7,1,"0,009",2,,
"0,458","0,484","0,0115","0,0072",7,1,"0,009",3,,
"0,458","0,484","0,0115","0,0072",7,1,"0,009",4,,
"0,458","0,484","0,0115","0,0072",7,1,"0,009",5,,
"0,458","0,484","0,0115","0,0072",7,1,"0,008",6,,
"0,458","0,484","0,0115","0,0072",7,1,"0,008",7,,
"0,458","0,484","0,0115","0,0072",7,2,2,0,,
"0,458","0,484","0,0115","0,0072",7,2,"0,009",1,,
"0,458","0,484","0,0115","0,0072",7,2,"0,009",2,,
"0,458","0,484","0,0115","0,0072",7,2,"0,009",3,,
"0,458","0,484","0,0115","0,0072",7,2,"0,009",4,,
"0,458","0,484","0,0115","0,0072",7,2,"0,009",5,,
"0,458","0,484","0,0115","0,0072",7,2,"0,008",6,,
"0,458","0,484","0,0115","0,0072",7,2,"0,008",7,,
"0,458","0,484","0,0115","0,0072",7,3,3,0,,
"0,458","0,484","0,0115","0,0072",7,3,"0,009",1,,
"0,458","0,484","0,0115","0,0072",7,3,"0,009",2,,
"0,458","0,484","0,0115","0,0072",7,3,"0,009",3,,
"0,458","0,484","0,0115","0,0072",7,3,"0,009",4,,
"0,458","0,484","0,0115","0,0072",7,3,"0,009",5,,
"0,458","0,484","0,0115","0,0072",7,3,"0,008",6,,
"0,458","0,484","0,0115","0,0072",7,3,"0,008",7,,
"0,498","0,468","0,0115","0,0072",7,0,0,0,,
"0,498","0,468","0,0115","0,0072",7,0,"0,009",1,,
"0,498","0,468","0,0115","0,0072",7,0,"0,009",2,,
"0,498","0,468","0,0115","0,0072",7,0,"0,009",3,,
"0,498","0,468","0,0115","0,0072",7,0,"0,009",4,,
"0,498","0,468","0,0115","0,0072",7,0,"0,009",5,,
"0,498","0,468","0,0115","0,0072",7,0,"0,008",6,,
"0,498","0,468","0,0115","0,0072",7,0,"0,008",7,,
"0,498","0,468","0,0115","0,0072",7,1,1,0,,
"0,498","0,468","0,0115","0,0072",7,1,"0,009",1,,
"0,498","0,468","0,0115","0,0072",7,1,"0,009",2,,
"0,498","0,468","0,0115","0,0072",7,1,"0,009",3,,
"0,498","0,468","0,0115","0,0072",7,1,"0,009",4,,
"0,498","0,468","0,0115","0,0072",7,1,"0,009",5,,
"0,498","0,468","0,0115","0,0072",7,1,"0,008",6,,
"0,498","0,468","0,0115","0,0072",7,1,"0,008",7,,
"0,498","0,468","0,0115","0,0072",7,2,2,0,,
"0,498","0,468","0,0115","0,0072",7,2,"0,009",1,,
"0,498","0,468","0,0115","0,0072",7,2,"0,009",2,,
"0,498","0,468","0,0115","0,0072",7,2,"0,009",3,,
"0,498","0,468","0,0115","0,0072",7,2,"0,009",4,,
"0,498","0,468","0,0115","0,0072",7,2,"0,009",5,,
"0,498","0,468","0,0115","0,0072",7,2,"0,008",6,,
"0,498","0,468","0,0115","0,0072",7,2,"0,008",7,,
"0,498","0,468","0,0115","0,0072",7,3,3,0,,
"0,498","0,468","0,0115","0,0072",7,3,"0,009",1,,
"0,498","0,468","0,0115","0,0072",7,3,"0,009",2,,
"0,498","0,468","0,0115","0,0072",7,3,"0,009",3,,
"0,498","0,468","0,0115","0,0072",7,3,"0,009",4,,
"0,498","0,468","0,0115","0,0072",7,3,"0,009",5,,
"0,498","0,468","0,0115","0,0072",7,3,"0,008",6,,
"0,498","0,468","0,0115","0,0072",7,3,"0,008",7,,
"0,498","0,488","0,0115","0,0072",7,0,0,0,,
"0,498","0,488","0,0115","0,0072",7,0,"0,009",1,,
"0,498","0,488","0,0115","0,0072",7,0,"0,009",2,,
"0,498","0,488","0,0115","0,0072",7,0,"0,009",3,,
"0,498","0,488","0,0115","0,0072",7,0,"0,009",4,,
"0,498","0,488","0,0115","0,0072",7,0,"0,009",5,,
"0,498","0,488","0,0115","0,0072",7,0,"0,008",6,,
"0,498","0,488","0,0115","0,0072",7,0,"0,008",7,,
"0,498","0,488","0,0115","0,0072",7,1,1,0,,
"0,498","0,488","0,0115","0,0072",7,1,"0,009",1,,
"0,498","0,488","0,0115","0,0072",7,1,"0,009",2,,
"0,498","0,488","0,0115","0,0072",7,1,"0,009",3,,
"0,498","0,488","0,0115","0,0072",7,1,"0,009",4,,
"0,498","0,488","0,0115","0,0072",7,1,"0,009",5,,
"0,498","0,488","0,0115","0,0072",7,1,"0,008",6,,
"0,498","0,488","0,0115","0,0072",7,1,"0,008",7,,
"0,498","0,488","0,0115","0,0072",7,2,2,0,,
"0,498","0,488","0,0115","0,0072",7,2,"0,009",1,,
"0,498","0,488","0,0115","0,0072",7,2,"0,009",2,,
"0,498","0,488","0,0115","0,0072",7,2,"0,009",3,,
"0,498","0,488","0,0115","0,0072",7,2,"0,009",4,,
"0,498","0,488","0,0115","0,0072",7,2,"0,009",5,,
"0,498","0,488","0,0115","0,0072",7,2,"0,008",6,,
"0,498","0,488","0,0115","0,0072",7,2,"0,008",7,,
"0,498","0,488","0,0115","0,0072",7,3,3,0,,
"0,498","0,488","0,0115","0,0072",7,3,"0,009",1,,
"0,498","0,488","0,0115","0,0072",7,3,"0,009",2,,
"0,498","0,488","0,0115","0,0072",7,3,"0,009",3,,
"0,498","0,488","0,0115","0,0072",7,3,"0,009",4,,
"0,498","0,488","0,0115","0,0072",7,3,"0,009",5,,
"0,498","0,488","0,0115","0,0072",7,3,"0,008",6,,
"0,498","0,488","0,0115","0,0072",7,3,"0,008",7,,
"0,498","0,484","0,0115","0,0072",7,0,0,0,,
"0,498","0,484","0,0115","0,0072",7,0,"0,009",1,,
"0,498","0,484","0,0115","0,0072",7,0,"0,009",2,,
"0,498","0,484","0,0115","0,0072",7,0,"0,009",3,,
"0,498","0,484","0,0115","0,0072",7,0,"0,009",4,,
"0,498","0,484","0,0115","0,0072",7,0,"0,009",5,,
"0,498","0,484","0,0115","0,0072",7,0,"0,008",6,,
"0,498","0,484","0,0115","0,0072",7,0,"0,008",7,,
"0,498","0,484","0,0115","0,0072",7,1,1,0,,
"0,498","0,484","0,0115","0,0072",7,1,"0,009",1,,
"0,498","0,484","0,0115","0,0072",7,1,"0,009",2,,
"0,498","0,484","0,0115","0,0072",7,1,"0,009",3,,
"0,498","0,484","0,0115","0,0072",7,1,"0,009",4,,
"0,498","0,484","0,0115","0,0072",7,1,"0,009",5,,
"0,498","0,484","0,0115","0,0072",7,1,"0,008",6,,
"0,498","0,484","0,0115","0,0072",7,1,"0,008",7,,
"0,498","0,484","0,0115","0,0072",7,2,2,0,,
"0,498","0,484","0,0115","0,0072",7,2,"0,009",1,,
"0,498","0,484","0,0115","0,0072",7,2,"0,009",2,,
"0,498","0,484","0,0115","0,0072",7,2,"0,009",3,,
"0,498","0,484","0,0115","0,0072",7,2,"0,009",4,,
"0,498","0,484","0,0115","0,0072",7,2,"0,009",5,,
"0,498","0,484","0,0115","0,0072",7,2,"0,008",6,,
"0,498","0,484","0,0115","0,0072",7,2,"0,008",7,,
"0,498","0,484","0,0115","0,0072",7,3,3,0,,
"0,498","0,484","0,0115","0,0072",7,3,"0,009",1,,
"0,498","0,484","0,0115","0,0072",7,3,"0,009",2,,
"0,498","0,484","0,0115","0,0072",7,3,"0,009",3,,
"0,498","0,484","0,0115","0,0072",7,3,"0,009",4,,
"0,498","0,484","0,0115","0,0072",7,3,"0,009",5,,
"0,498","0,484","0,0115","0,0072",7,3,"0,008",6,,
"0,498","0,484","0,0115","0,0072",7,3,"0,008",7,,
"0,071","0,468","0,0115","0,0072",7,0,0,0,,
"0,071","0,468","0,0115","0,0072",7,0,"0,009",1,,
"0,071","0,468","0,0115","0,0072",7,0,"0,009",2,,
"0,071","0,468","0,0115","0,0072",7,0,"0,009",3,,
"0,071","0,468","0,0115","0,0072",7,0,"0,009",4,,
"0,071","0,468","0,0115","0,0072",7,0,"0,009",5,,
"0,071","0,468","0,0115","0,0072",7,0,"0,008",6,,
"0,071","0,468","0,0115","0,0072",7,0,"0,008",7,,
"0,071","0,468","0,0115","0,0072",7,1,1,0,,
"0,071","0,468","0,0115","0,0072",7,1,"0,009",1,,
"0,071","0,468","0,0115","0,0072",7,1,"0,009",2,,
"0,071","0,468","0,0115","0,0072",7,1,"0,009",3,,
"0,071","0,468","0,0115","0,0072",7,1,"0,009",4,,
"0,071","0,468","0,0115","0,0072",7,1,"0,009",5,,
"0,071","0,468","0,0115","0,0072",7,1,"0,008",6,,
"0,071","0,468","0,0115","0,0072",7,1,"0,008",7,,
"0,071","0,468","0,0115","0,0072",7,2,2,0,,
"0,071","0,468","0,0115","0,0072",7,2,"0,009",1,,
"0,071","0,468","0,0115","0,0072",7,2,"0,009",2,,
"0,071","0,468","0,0115","0,0072",7,2,"0,009",3,,
"0,071","0,468","0,0115","0,0072",7,2,"0,009",4,,
"0,071","0,468","0,0115","0,0072",7,2,"0,009",5,,
"0,071","0,468","0,0115","0,0072",7,2,"0,008",6,,
"0,071","0,468","0,0115","0,0072",7,2,"0,008",7,,
"0,071","0,468","0,0115","0,0072",7,3,3,0,,
"0,071","0,468","0,0115","0,0072",7,3,"0,009",1,,
"0,071","0,468","0,0115","0,0072",7,3,"0,009",2,,
"0,071","0,468","0,0115","0,0072",7,3,"0,009",3,,
"0,071","0,468","0,0115","0,0072",7,3,"0,009",4,,
"0,071","0,468","0,0115","0,0072",7,3,"0,009",5,,
"0,071","0,468","0,0115","0,0072",7,3,"0,008",6,,
"0,071","0,468","0,0115","0,0072",7,3,"0,008",7,,
"0,071","0,488","0,0115","0,0072",7,0,0,0,,
"0,071","0,488","0,0115","0,0072",7,0,"0,009",1,,
"0,071","0,488","0,0115","0,0072",7,0,"0,009",2,,
"0,071","0,488","0,0115","0,0072",7,0,"0,009",3,,
"0,071","0,488","0,0115","0,0072",7,0,"0,009",4,,
"0,071","0,488","0,0115","0,0072",7,0,"0,009",5,,
"0,071","0,488","0,0115","0,0072",7,0,"0,008",6,,
"0,071","0,488","0,0115","0,0072",7,0,"0,008",7,,
"0,071","0,488","0,0115","0,0072",7,1,1,0,,
"0,071","0,488","0,0115","0,0072",7,1,"0,009",1,,
"0,071","0,488","0,0115","0,0072",7,1,"0,009",2,,
"0,071","0,488","0,0115","0,0072",7,1,"0,009",3,,
"0,071","0,488","0,0115","0,0072",7,1,"0,009",4,,
"0,071","0,488","0,0115","0,0072",7,1,"0,009",5,,
"0,071","0,488","0,0115","0,0072",7,1,"0,008",6,,
"0,071","0,488","0,0115","0,0072",7,1,"0,008",7,,
"0,071","0,488","0,0115","0,0072",7,2,2,0,,
"0,071","0,488","0,0115","0,0072",7,2,"0,009",1,,
"0,071","0,488","0,0115","0,0072",7,2,"0,009",2,,
"0,071","0,488","0,0115","0,0072",7,2,"0,009",3,,
"0,071","0,488","0,0115","0,0072",7,2,"0,009",4,,
"0,071","0,488","0,0115","0,0072",7,2,"0,009",5,,
"0,071","0,488","0,0115","0,0072",7,2,"0,008",6,,
"0,071","0,488","0,0115","0,0072",7,2,"0,008",7,,
"0,071","0,488","0,0115","0,0072",7,3,3,0,,
"0,071","0,488","0,0115","0,0072",7,3,"0,009",1,,
"0,071","0,488","0,0115","0,0072",7,3,"0,009",2,,
"0,071","0,488","0,0115","0,0072",7,3,"0,009",3,,
"0,071","0,488","0,0115","0,0072",7,3,"0,009",4,,
"0,071","0,488","0,0115","0,0072",7,3,"0,009",5,,
"0,071","0,488","0,0115","0,0072",7,3,"0,008",6,,
"0,071","0,488","0,0115","0,0072",7,3,"0,008",7,,
"0,071","0,484","0,0115","0,0072",7,0,0,0,,
"0,071","0,484","0,0115","0,0072",7,0,"0,009",1,,
"0,071","0,484","0,0115","0,0072",7,0,"0,009",2,,
"0,071","0,484","0,0115","0,0072",7,0,"0,009",3,,
"0,071","0,484","0,0115","0,0072",7,0,"0,009",4,,
"0,071","0,484","0,0115","0,0072",7,0,"0,009",5,,
"0,071","0,484","0,0115","0,0072",7,0,"0,008",6,,
"0,071","0,484","0,0115","0,0072",7,0,"0,008",7,,
"0,071","0,484","0,0115","0,0072",7,1,1,0,,
"0,071","0,484","0,0115","0,0072",7,1,"0,009",1,,
"0,071","0,484","0,0115","0,0072",7,1,"0,009",2,,
"0,071","0,484","0,0115","0,0072",7,1,"0,009",3,,
"0,071","0,484","0,0115","0,0072",7,1,"0,009",4,,
"0,071","0,484","0,0115","0,0072",7,1,"0,009",5,,
"0,071","0,484","0,0115","0,0072",7,1,"0,008",6,,
"0,071","0,484","0,0115","0,0072",7,1,"0,008",7,,
"0,071","0,484","0,0115","0,0072",7,2,2,0,,
"0,071","0,484","0,0115","0,0072",7,2,"0,009",1,,
"0,071","0,484","0,0115","0,0072",7,2,"0,009",2,,
"0,071","0,484","0,0115","0,0072",7,2,"0,009",3,,
"0,071","0,484","0,0115","0,0072",7,2,"0,009",4,,
"0,071","0,484","0,0115","0,0072",7,2,"0,009",5,,
"0,071","0,484","0,0115","0,0072",7,2,"0,008",6,,
"0,071","0,484","0,0115","0,0072",7,2,"0,008",7,,
"0,071","0,484","0,0115","0,0072",7,3,3,0,,
"0,071","0,484","0,0115","0,0072",7,3,"0,009",1,,
"0,071","0,484","0,0115","0,0072",7,3,"0,009",2,,
"0,071","0,484","0,0115","0,0072",7,3,"0,009",3,,
"0,071","0,484","0,0115","0,0072",7,3,"0,009",4,,
"0,071","0,484","0,0115","0,0072",7,3,"0,009",5,,
"0,071","0,484","0,0115","0,0072",7,3,"0,008",6,,
"0,071","0,484","0,0115","0,0072",7,3,"0,008",7,,